Coptic_2.8	RANDOM	1497547	5.55989604046_4.81740632119	4.47737577284
Latin_2.8	RANDOM	538591	8.13805400927_7.58516635948	3.03255388541
Catalan_2.8	RANDOM	5073818	6.9424317159_6.26000715053	4.97899804208
Western_Armenian_2.8	RANDOM	7548350	8.14694790414_7.96386695228	3.75833363495
Dutch_2.8	RANDOM	5674542	7.57654997276_6.98178474007	2.80653378566
Wolof_2.8	RANDOM	379530	6.67615833577_6.15140052728	4.41844048653
Breton_2.8	RANDOM	501677	6.6744745936_6.17152126279	2.70086110071
Basque_2.8	RANDOM	618225	8.45484310813_7.99932457643	2.63209763738
Wolof_2.8	RANDOM	7136407	6.67615833577_6.08804881038	3.59032906169
Chinese_2.8	RANDOM	2511944	8.1048766083_7.61282316373	3.34092715021
Slovenian_2.8	RANDOM	2803297	8.26033644521_7.85840650975	3.63651808339
Mbya_Guarani_2.8	RANDOM	3297464	1.67886952047_1.1463260529	2.23841531724
Ukrainian_2.8	RANDOM	5918559	9.00488465796_8.69714579099	3.3631002894
Sanskrit_2.8	RANDOM	2547687	7.88649342905_7.28170002011	2.48915967071
Indonesian_2.8	RANDOM	2957216	8.12437959059_7.72341719804	3.63501964852
Erzya_2.8	RANDOM	5925072	8.19304814923_8.04670116324	2.43698811096
Uyghur_2.8	RANDOM	8197227	8.51360741593_8.33276017862	2.76046415251
French_2.8	RANDOM	7204243	7.30424825811_6.52863748935	4.68173773864
Faroese_2.8	RANDOM	8786125	6.70440047675_6.01979421225	4.49541354728
Sanskrit_2.8	RANDOM	4827323	7.88649342905_7.27564410741	2.26925584807
Spanish_2.8	RANDOM	1582312	7.34145194481_6.79098531397	4.29781306428
Spanish_2.8	RANDOM	4718378	7.34145194481_6.71459942401	4.21434235867
French_2.8	RANDOM	8424451	7.30424825811_6.66413988132	5.22979033914
Turkish_2.8	RANDOM	9681246	9.23123992342_8.49384731852	2.26968490416
Galician_2.8	RANDOM	492604	6.9042382318_6.59021659405	4.64424781231
Japanese_2.8	RANDOM	4587318	1.94946117468_1.406200845	4.46918941406
Urdu_2.8	RANDOM	3070434	7.13773334847_6.19244604402	4.98587938342
Thai_2.8	RANDOM	923414	6.99135476575_6.65526973609	4.05757719715
Persian_2.8	RANDOM	1399389	7.66512142702_7.00370350846	3.62328821989
Portuguese_2.8	RANDOM	5124501	7.18828702825_6.50465289338	3.27412498602
Italian_2.8	RANDOM	1751	7.37224976657_6.62739562904	3.96740810624
Chinese_2.8	RANDOM	8261123	8.1048766083_7.63394012263	4.18321308245
Manx_2.8	RANDOM	2446752	5.78963371805_5.04361145846	2.24119981782
Irish_2.8	RANDOM	8009703	7.36585182827_6.72885073318	3.65904826274
Irish_2.8	RANDOM	318527	7.36585182827_6.71604421894	3.40781879463
Vietnamese_2.8	RANDOM	6220734	7.14693337176_6.78584278598	3.24851021773
Akkadian_2.8	RANDOM	4089894	6.68098628559_4.70808314137	3.86852215487
Hungarian_2.8	RANDOM	6069868	8.24699378298_8.06297936784	3.96586782861
Hungarian_2.8	RANDOM	263720	8.24699378298_8.07126008268	4.26692810458
Catalan_2.8	RANDOM	2454381	6.9424317159_6.06459726857	4.30103645754
North_Sami_2.8	RANDOM	2729853	7.75880167611_7.44092657451	2.27063329928
Catalan_2.8	RANDOM	825543	6.9424317159_6.12446066393	4.62871988366
Danish_2.8	RANDOM	7689277	7.5946802527_7.22587692548	3.98682413729
Faroese_2.8	RANDOM	5036216	6.70440047675_6.04274149961	3.3500523801
Old_Church_Slavonic_2.8	RANDOM	5361334	7.14355858817_6.28573784327	2.50397266959
Old_French_2.8	RANDOM	7604900	7.05139088845_6.30565527988	3.77036103017
French_2.8	RANDOM	5314786	7.30424825811_6.36103975092	4.59125629403
Norwegian_2.8	RANDOM	3132667	7.69579638452_7.05942533436	3.31621944068
Spanish_2.8	RANDOM	8036715	7.34145194481_6.87094663506	5.32713404836
Czech_2.8	RANDOM	9801297	9.05221642423_8.26376585217	3.39477533301
Romanian_2.8	RANDOM	6480012	8.00609274184_7.19113974044	3.83500742103
Latin_2.8	RANDOM	1481550	8.13805400927_7.61675681236	3.19594911725
Lithuanian_2.8	RANDOM	7052361	8.72058336465_8.21089253868	3.50715540176
Estonian_2.8	RANDOM	3963930	9.16136152662_8.72617600431	2.69056458609
Bambara_2.8	RANDOM	5471590	5.33384781381_4.61232606226	3.86339754816
Korean_2.8	RANDOM	2175907	10.1703528661_9.87628152313	2.70339114448
Persian_2.8	RANDOM	7641017	7.66512142702_7.13975319588	3.63608529485
Buryat_2.8	RANDOM	13921	8.12523578009_7.96116054121	2.60431848853
Faroese_2.8	RANDOM	158024	6.70440047675_6.04655823705	3.97815366533
Slovak_2.8	RANDOM	7317259	8.38707949151_7.95847038053	2.43184526538
Vietnamese_2.8	RANDOM	1404262	7.14693337176_6.75107874231	2.89442167379
Persian_2.8	RANDOM	7902623	7.66512142702_7.0736261241	3.91550619561
Turkish_2.8	RANDOM	9941836	9.23123992342_8.5165282062	2.36068181768
Lithuanian_2.8	RANDOM	6982046	8.72058336465_8.21417786162	3.41972560817
Turkish_2.8	RANDOM	4026922	9.23123992342_8.50740357452	2.43299144958
Hebrew_2.8	RANDOM	2135071	7.14094557019_6.52718696163	3.86645826638
Swedish_2.8	RANDOM	4424330	7.69697931331_7.27312545214	3.43213518379
Ukrainian_2.8	RANDOM	1491169	9.00488465796_8.74303554396	3.35157864961
Turkish_2.8	RANDOM	8119224	9.23123992342_8.46235959159	2.31375533709
Breton_2.8	RANDOM	6820445	6.6744745936_6.17994293675	3.34593785099
Bambara_2.8	RANDOM	4707286	5.33384781381_4.55254623341	2.79177804406
Classical_Chinese_2.8	RANDOM	1531518	6.64604347414_5.76153553876	1.79553885933
Lithuanian_2.8	RANDOM	3152743	8.72058336465_8.17164766608	3.10556608531
Faroese_2.8	RANDOM	6551372	6.70440047675_6.07566780366	3.41444157702
Turkish_2.8	RANDOM	9875743	9.23123992342_8.45273260937	2.56222483676
Erzya_2.8	RANDOM	9575115	8.19304814923_8.03748771042	3.03883751651
Basque_2.8	RANDOM	1243715	8.45484310813_8.08422682101	3.15041552452
Sanskrit_2.8	RANDOM	4675980	7.88649342905_7.29788057168	2.58480723775
Scottish_Gaelic_2.8	RANDOM	1180552	6.42959187247_5.65590185512	4.15477043917
Uyghur_2.8	RANDOM	2796464	8.51360741593_8.32819046377	2.9509255422
Armenian_2.8	RANDOM	4700215	8.38778667396_8.04084057087	3.89656812436
Classical_Chinese_2.8	RANDOM	4271093	6.64604347414_5.73951788986	2.07975155512
Belarusian_2.8	RANDOM	7084593	8.96501629969_8.24705352763	3.22632662859
Korean_2.8	RANDOM	6362863	10.1703528661_9.84737594391	2.82159944182
Ukrainian_2.8	RANDOM	8146590	9.00488465796_8.73292758925	3.19111343212
Akkadian_2.8	RANDOM	5453483	6.68098628559_4.65233452972	3.62178775719
Norwegian_2.8	RANDOM	744491	7.69579638452_7.07814817458	4.28192976619
Breton_2.8	RANDOM	3309335	6.6744745936_6.20229293049	3.00786222389
Erzya_2.8	RANDOM	8259288	8.19304814923_8.05172659083	2.33077939234
Slovak_2.8	RANDOM	4894570	8.38707949151_7.96805244552	2.56439636997
English_2.8	RANDOM	3129807	7.39497270518_6.76648636863	4.04054785003
Coptic_2.8	RANDOM	6662943	5.55989604046_4.70858696222	3.89693153194
Icelandic_2.8	RANDOM	7065663	7.58745292127_6.9579787389	4.84072858105
Welsh_2.8	RANDOM	2181749	6.8932721418_6.42149271788	4.3253332489
Croatian_2.8	RANDOM	9919820	8.48054534126_7.95220147838	3.42014870604
Catalan_2.8	RANDOM	3179549	6.9424317159_6.26410195524	4.77125535384
North_Sami_2.8	RANDOM	2688761	7.75880167611_7.45700126582	2.2835546476
Catalan_2.8	RANDOM	7279903	6.9424317159_6.12756584681	4.91475614183
Japanese_2.8	RANDOM	5685104	1.94946117468_1.42667181083	4.02719246794
Swedish_2.8	RANDOM	9752069	7.69697931331_7.24945393773	3.10053423146
Uyghur_2.8	RANDOM	9872327	8.51360741593_8.32900867207	2.5307708247
Sanskrit_2.8	RANDOM	5664209	7.88649342905_7.29252645248	2.36669655229
Faroese_2.8	RANDOM	6979665	6.70440047675_6.01575322098	3.67874389963
Catalan_2.8	RANDOM	4581303	6.9424317159_6.12053429896	5.53125845965
Slovak_2.8	RANDOM	9862320	8.38707949151_7.97801622103	2.46547411705
Japanese_2.8	RANDOM	8061928	1.94946117468_1.42159496363	5.73532351075
Cantonese_2.8	RANDOM	2033581	5.92291226847_5.50447884998	3.60520373098
Bulgarian_2.8	RANDOM	5533322	8.09323744463_7.65106432578	3.01222418322
Japanese_2.8	RANDOM	8592706	1.94946117468_1.44545165975	5.38302959206
Welsh_2.8	RANDOM	6976750	6.8932721418_6.39960041005	3.59345217364
Classical_Chinese_2.8	RANDOM	8661272	6.64604347414_5.65684482426	2.03088698194
Wolof_2.8	RANDOM	4111033	6.67615833577_6.16647421123	3.41901064292
Western_Armenian_2.8	RANDOM	4557899	8.14694790414_7.96910701049	3.6818922147
Korean_2.8	RANDOM	5295328	10.1703528661_9.86430097959	2.71952732186
Persian_2.8	RANDOM	6042844	7.66512142702_7.08595607754	4.13976919339
Latin_2.8	RANDOM	1454474	8.13805400927_7.61140882452	3.43029296491
Indonesian_2.8	RANDOM	9243033	8.12437959059_7.6030246716	3.74876192424
Japanese_2.8	RANDOM	3475317	1.94946117468_1.43819346001	4.32078999296
Croatian_2.8	RANDOM	3296895	8.48054534126_8.02590232606	3.69713175403
Vietnamese_2.8	RANDOM	8281659	7.14693337176_6.74266686126	2.82360977879
Old_East_Slavic_2.8	RANDOM	548486	8.31255790664_7.62508078112	2.75205945956
Breton_2.8	RANDOM	2601728	6.6744745936_6.07443714746	3.43192312492
Sanskrit_2.8	RANDOM	5998236	7.88649342905_7.30612522576	2.63093976689
Thai_2.8	RANDOM	4369696	6.99135476575_6.65906048802	3.95078384798
Dutch_2.8	RANDOM	8596130	7.57654997276_6.9224866488	3.79757578684
Western_Armenian_2.8	RANDOM	3621846	8.14694790414_8.01996446653	4.27688298527
Persian_2.8	RANDOM	4380705	7.66512142702_7.00850001741	3.49958612882
Romanian_2.8	RANDOM	6069693	8.00609274184_7.27026353944	4.49154681523
Old_French_2.8	RANDOM	2554768	7.05139088845_6.31836959503	2.90921979329
Scottish_Gaelic_2.8	RANDOM	6458970	6.42959187247_5.80177610544	5.07826574822
English_2.8	RANDOM	7483875	7.39497270518_6.78522199572	3.85491517076
Amharic_2.8	RANDOM	4093695	5.72899089684_5.20723853797	2.60747067823
Portuguese_2.8	RANDOM	3326082	7.18828702825_6.56367809407	3.72467464522
Catalan_2.8	RANDOM	6262732	6.9424317159_6.25726396413	5.12586065428
Galician_2.8	RANDOM	3811929	6.9042382318_6.47288271084	4.8439240206
Hebrew_2.8	RANDOM	6793504	7.14094557019_6.50388870352	4.50656606971
Romanian_2.8	RANDOM	2598837	8.00609274184_7.17828521694	3.73001154964
Korean_2.8	RANDOM	8565876	10.1703528661_9.83581473202	2.44887257182
Gothic_2.8	RANDOM	1906575	7.08260227555_6.45443238358	3.50810053069
Kurmanji_2.8	RANDOM	9193917	6.86169993023_6.52007744951	3.25683724322
Wolof_2.8	RANDOM	5159061	6.67615833577_6.13275828715	3.19225130321
Turkish_2.8	RANDOM	9311942	9.23123992342_8.50497366369	2.40040946285
Estonian_2.8	RANDOM	9535407	9.16136152662_8.71409741091	3.5469911806
Hungarian_2.8	RANDOM	490899	8.24699378298_8.05925213579	3.74172839506
Galician_2.8	RANDOM	9143541	6.9042382318_6.61931763706	5.64505031332
Latin_2.8	RANDOM	8311319	8.13805400927_7.64237953023	3.10451742826
Maltese_2.8	RANDOM	9247835	7.32924122663_6.87940807707	5.08354078
Old_Church_Slavonic_2.8	RANDOM	7571660	7.14355858817_6.28014476848	2.4934114202
Afrikaans_2.8	RANDOM	8583735	6.67569446775_6.1241741331	4.03906414178
Russian_2.8	RANDOM	50802	9.245975441_8.5830403131	3.38985586202
Buryat_2.8	RANDOM	3432922	8.12523578009_7.97253220401	2.78812415655
Faroese_2.8	RANDOM	685276	6.70440047675_6.04285199573	4.01208575006
Arabic_2.8	RANDOM	7348296	3.18569802223_2.57075896062	5.75137677733
Icelandic_2.8	RANDOM	6034357	7.58745292127_7.00524608058	4.83117565746
Scottish_Gaelic_2.8	RANDOM	9181850	6.42959187247_5.7198037089	3.54351214039
Indonesian_2.8	RANDOM	8550130	8.12437959059_7.72578125241	3.11418053263
Greek_2.8	RANDOM	6320709	7.52098232728_6.94541214004	3.2303437666
Catalan_2.8	RANDOM	7905269	6.9424317159_6.21391274882	4.46250264938
Classical_Chinese_2.8	RANDOM	2967326	6.64604347414_5.72955490743	1.97407816833
Slovenian_2.8	RANDOM	1123834	8.26033644521_7.83330462255	3.61884502419
Kurmanji_2.8	RANDOM	1348172	6.86169993023_6.52820461759	3.23593047283
Hindi_2.8	RANDOM	7529555	7.1887846971_6.1885930699	4.34360205274
Danish_2.8	RANDOM	1259540	7.5946802527_7.25225385349	3.77743741158
Spanish_2.8	RANDOM	6624893	7.34145194481_6.74045636225	3.69071586945
Naija_2.8	RANDOM	2600354	5.65820563244_4.75359625912	4.86156043672
Estonian_2.8	RANDOM	79377	9.16136152662_8.74061717474	3.7457142267
Danish_2.8	RANDOM	547112	7.5946802527_7.246080692	3.74025958049
Old_East_Slavic_2.8	RANDOM	8414654	8.31255790664_7.6164203221	3.05092366524
Chinese_2.8	RANDOM	2681170	8.1048766083_7.66923963795	3.92831828873
Greek_2.8	RANDOM	1366187	7.52098232728_6.87912593995	3.90265746049
Hindi_2.8	RANDOM	1389569	7.1887846971_6.23856410224	3.98091216827
Mbya_Guarani_2.8	RANDOM	612324	1.67886952047_1.16970833205	2.87758427538
Kurmanji_2.8	RANDOM	1593736	6.86169993023_6.53532638919	2.83323204084
French_2.8	RANDOM	5098959	7.30424825811_6.3240488134	3.52694950141
Breton_2.8	RANDOM	5354681	6.6744745936_6.14047373444	2.72781729689
Faroese_2.8	RANDOM	5845087	6.70440047675_5.96814441278	3.92958070368
Catalan_2.8	RANDOM	7866848	6.9424317159_6.09403012341	4.00421382209
Galician_2.8	RANDOM	3216175	6.9042382318_6.61095710916	6.04318153271
Ancient_Greek_2.8	RANDOM	6429764	8.43111781796_7.66836860863	3.40067919239
French_2.8	RANDOM	967618	7.30424825811_6.30623554898	3.67829165685
Polish_2.8	RANDOM	6969445	8.71978086187_8.13662766892	3.00285282585
Romanian_2.8	RANDOM	4366	8.00609274184_7.18439485517	3.81953561051
Icelandic_2.8	RANDOM	1397676	7.58745292127_6.92379937386	5.49601757787
Chinese_2.8	RANDOM	5680901	8.1048766083_7.6117529518	3.17212033564
Russian_2.8	RANDOM	1167573	9.245975441_8.53169474624	3.02474721932
French_2.8	RANDOM	8477049	7.30424825811_6.51765510066	4.16666372573
Bambara_2.8	RANDOM	4364110	5.33384781381_4.499828468	3.07198820168
Hebrew_2.8	RANDOM	6343063	7.14094557019_6.56985921954	4.19505390166
Hebrew_2.8	RANDOM	7936536	7.14094557019_6.53276509604	4.00547050746
Portuguese_2.8	RANDOM	5576148	7.18828702825_6.52712934101	3.75531252835
Scottish_Gaelic_2.8	RANDOM	4799287	6.42959187247_5.78316020803	4.12372596079
Welsh_2.8	RANDOM	1594887	6.8932721418_6.37059211226	3.37494854827
Erzya_2.8	RANDOM	4134526	8.19304814923_8.05476106519	2.53826508146
Scottish_Gaelic_2.8	RANDOM	6608227	6.42959187247_5.71625456193	4.30544213446
Upper_Sorbian_2.8	RANDOM	381897	7.7165899812_7.44748082954	3.54918513308
Old_French_2.8	RANDOM	2163358	7.05139088845_6.30123156333	3.36960839398
Croatian_2.8	RANDOM	3812939	8.48054534126_7.92815238415	3.46729910849
Bulgarian_2.8	RANDOM	1073886	8.09323744463_7.51577718106	2.98583198458
Coptic_2.8	RANDOM	5078132	5.55989604046_4.8447698218	3.6705976643
Latvian_2.8	RANDOM	1917109	8.96262163073_8.5977842761	3.67046386775
Italian_2.8	RANDOM	8736922	7.37224976657_6.53837532641	4.23859066004
Galician_2.8	RANDOM	6136897	6.9042382318_6.53335147724	4.41570250241
Faroese_2.8	RANDOM	858371	6.70440047675_6.07046646641	4.06290722334
English_2.8	RANDOM	9632975	7.39497270518_6.76355993654	3.31714878759
Erzya_2.8	RANDOM	9052742	8.19304814923_8.05981664685	3.09370321444
Lithuanian_2.8	RANDOM	7443212	8.72058336465_8.21744802649	3.12269383923
Bulgarian_2.8	RANDOM	3689304	8.09323744463_7.50400510554	2.92456467105
Ancient_Greek_2.8	RANDOM	4597152	8.43111781796_7.67231274767	3.02712337646
North_Sami_2.8	RANDOM	9806671	7.75880167611_7.44813197488	2.88309499489
Hindi_2.8	RANDOM	8096602	7.1887846971_6.30571018519	3.90805736589
Hungarian_2.8	RANDOM	4878835	8.24699378298_8.02362021142	3.38594045025
English_2.8	RANDOM	5126619	7.39497270518_6.78182984188	4.33433451482
Komi_Zyrian_2.8	RANDOM	6788459	8.00842326657_7.92124645159	3.01263758663
Ancient_Greek_2.8	RANDOM	3622956	8.43111781796_7.71956361396	2.87189245936
Naija_2.8	RANDOM	816346	5.65820563244_4.73517079123	5.72507350874
Faroese_2.8	RANDOM	6814040	6.70440047675_6.06324931788	3.90224084626
Czech_2.8	RANDOM	4013447	9.05221642423_8.2028633886	3.6773875426
Wolof_2.8	RANDOM	8292672	6.67615833577_6.07685898283	4.15665725456
Faroese_2.8	RANDOM	338673	6.70440047675_6.05015647035	4.1412729642
Romanian_2.8	RANDOM	329704	8.00609274184_7.15940537726	3.6910106194
Old_Church_Slavonic_2.8	RANDOM	5253594	7.14355858817_6.35623927302	2.99388970229
Croatian_2.8	RANDOM	7587226	8.48054534126_8.01053390583	3.34944716484
Spanish_2.8	RANDOM	3380289	7.34145194481_6.65392975641	4.4005128051
Bambara_2.8	RANDOM	5867692	5.33384781381_4.49697135652	3.58291086736
Korean_2.8	RANDOM	3874452	10.1703528661_9.86259636747	2.63449398631
Estonian_2.8	RANDOM	7771039	9.16136152662_8.72109859237	3.04123636814
Romanian_2.8	RANDOM	8442544	8.00609274184_7.20701397405	3.25525090411
Turkish_2.8	RANDOM	7877307	9.23123992342_8.38462965415	2.60438754506
Upper_Sorbian_2.8	RANDOM	1546452	7.7165899812_7.48167908825	3.23390784383
Arabic_2.8	RANDOM	7716242	3.18569802223_2.53054555436	4.61698776879
Armenian_2.8	RANDOM	5142473	8.38778667396_8.08641808837	3.46041202533
Thai_2.8	RANDOM	9154812	6.99135476575_6.67741916846	3.89767220903
Croatian_2.8	RANDOM	3835571	8.48054534126_8.04926150549	4.30306676131
Indonesian_2.8	RANDOM	9796448	8.12437959059_7.6900512339	3.65999298789
Slovenian_2.8	RANDOM	8912255	8.26033644521_7.8670015413	3.14805056439
Upper_Sorbian_2.8	RANDOM	4120870	7.7165899812_7.46105437296	3.23203189119
Dutch_2.8	RANDOM	2682577	7.57654997276_7.00515608051	3.43261983235
Afrikaans_2.8	RANDOM	6958494	6.67569446775_6.05250134202	4.05146286221
Swedish_2.8	RANDOM	563662	7.69697931331_7.24934860396	3.78304395796
North_Sami_2.8	RANDOM	879615	7.75880167611_7.45173328648	2.59519918284
Scottish_Gaelic_2.8	RANDOM	6216744	6.42959187247_5.76395891138	4.51577159243
Dutch_2.8	RANDOM	3118114	7.57654997276_6.95464538469	3.60470918698
Komi_Zyrian_2.8	RANDOM	8963322	8.00842326657_7.93071538952	2.81383340128
Classical_Chinese_2.8	RANDOM	2023952	6.64604347414_5.70522918767	1.85002435734
Serbian_2.8	RANDOM	9994871	8.06528273959_7.47082249465	3.51084042645
Latvian_2.8	RANDOM	5365085	8.96262163073_8.56352942647	2.74624347086
North_Sami_2.8	RANDOM	9702788	7.75880167611_7.4601909287	2.24218590398
Croatian_2.8	RANDOM	9319197	8.48054534126_7.94621275797	3.87466462938
Armenian_2.8	RANDOM	8963074	8.38778667396_8.09663933094	3.86430198503
Latvian_2.8	RANDOM	7330229	8.96262163073_8.57759918829	3.45531106242
Ukrainian_2.8	RANDOM	6775218	9.00488465796_8.74554544339	3.13136192528
Czech_2.8	RANDOM	3759488	9.05221642423_8.25233938806	3.87203378805
Basque_2.8	RANDOM	1560161	8.45484310813_7.98203993041	3.40031762607
Romanian_2.8	RANDOM	2543359	8.00609274184_7.21324715804	3.76332258503
Hindi_2.8	RANDOM	2532756	7.1887846971_6.29484689328	4.95675271952
Komi_Zyrian_2.8	RANDOM	2773394	8.00842326657_7.954599325	3.47737464329
Catalan_2.8	RANDOM	1323966	6.9424317159_6.05325755361	4.63117934556
Galician_2.8	RANDOM	7637027	6.9042382318_6.49682162567	4.36940168316
Old_French_2.8	RANDOM	2985021	7.05139088845_6.28828043106	3.21712116659
Scottish_Gaelic_2.8	RANDOM	7625950	6.42959187247_5.7707623241	4.05732007605
Serbian_2.8	RANDOM	8823414	8.06528273959_7.41701872884	2.96579243209
Croatian_2.8	RANDOM	1347861	8.48054534126_7.98285117291	3.31261354476
Irish_2.8	RANDOM	3609925	7.36585182827_6.73802098701	3.82797228917
Amharic_2.8	RANDOM	1084979	5.72899089684_5.28847557184	2.38169301377
Basque_2.8	RANDOM	5566119	8.45484310813_8.04694309228	3.07462037158
Chinese_2.8	RANDOM	9180729	8.1048766083_7.67071082506	3.92656220202
Indonesian_2.8	RANDOM	6099039	8.12437959059_7.68821182425	3.79086380436
Ancient_Greek_2.8	RANDOM	7435262	8.43111781796_7.58420794164	4.35398333042
Cantonese_2.8	RANDOM	3752751	5.92291226847_5.53634727365	2.82768777614
North_Sami_2.8	RANDOM	3826851	7.75880167611_7.48956682851	2.63682328907
Irish_2.8	RANDOM	2323520	7.36585182827_6.65684402163	3.98353001859
Slovak_2.8	RANDOM	4695515	8.38707949151_7.96935389258	2.95339365923
Hebrew_2.8	RANDOM	8034828	7.14094557019_6.53872322238	3.36279178474
Latin_2.8	RANDOM	1220097	8.13805400927_7.61914707004	3.35823314439
Turkish_2.8	RANDOM	3658388	9.23123992342_8.45492173055	2.49601504909
Arabic_2.8	RANDOM	1474425	3.18569802223_2.50712697584	5.49538265217
Hebrew_2.8	RANDOM	3765358	7.14094557019_6.61340285589	3.88089777674
Slovenian_2.8	RANDOM	4873397	8.26033644521_7.86885898838	4.47625115181
Belarusian_2.8	RANDOM	3521466	8.96501629969_8.31464266713	3.1247459361
Romanian_2.8	RANDOM	2136462	8.00609274184_7.18001447449	3.83327105588
Slovenian_2.8	RANDOM	6936903	8.26033644521_7.92618471565	3.51904803041
Amharic_2.8	RANDOM	7547248	5.72899089684_5.23633162046	2.94161142274
Komi_Zyrian_2.8	RANDOM	1166699	8.00842326657_7.95180658418	3.32776192417
Urdu_2.8	RANDOM	7773997	7.13773334847_6.29217829941	4.28664296033
Dutch_2.8	RANDOM	4124368	7.57654997276_6.93961134118	3.84944042689
Old_East_Slavic_2.8	RANDOM	551832	8.31255790664_7.61743057712	2.9713546456
Uyghur_2.8	RANDOM	1900711	8.51360741593_8.35589253548	2.35736980246
Spanish_2.8	RANDOM	2639492	7.34145194481_6.69186184369	3.97757807099
Ancient_Greek_2.8	RANDOM	4192981	8.43111781796_7.59442477667	3.37218191941
Faroese_2.8	RANDOM	2503459	6.70440047675_6.02181936882	3.24593096047
Vietnamese_2.8	RANDOM	6033474	7.14693337176_6.81397785363	3.27089328799
Kazakh_2.8	RANDOM	1934978	8.14772049101_7.96974835895	2.71896223852
Old_East_Slavic_2.8	RANDOM	1459229	8.31255790664_7.64012688599	4.00350060563
Japanese_2.8	RANDOM	254112	1.94946117468_1.41702540253	3.70876939359
Swedish_2.8	RANDOM	8035801	7.69697931331_7.20914636673	3.85087973985
Welsh_2.8	RANDOM	5844577	6.8932721418_6.39489763839	3.46803660197
Bambara_2.8	RANDOM	8669599	5.33384781381_4.56183167847	3.603650106
Erzya_2.8	RANDOM	7496452	8.19304814923_8.08961280839	2.57868780273
Polish_2.8	RANDOM	7547279	8.71978086187_8.16035168157	2.76400447649
Portuguese_2.8	RANDOM	8497299	7.18828702825_6.72765767396	4.82650979598
Coptic_2.8	RANDOM	3958661	5.55989604046_4.84349568326	4.67897870392
Hebrew_2.8	RANDOM	5149805	7.14094557019_6.62682527707	4.12119839902
Hindi_2.8	RANDOM	2306844	7.1887846971_6.21060770579	3.47518401176
Czech_2.8	RANDOM	5080124	9.05221642423_8.13491678915	3.49714593709
Urdu_2.8	RANDOM	1613445	7.13773334847_6.3834571351	4.36762021177
Dutch_2.8	RANDOM	1247609	7.57654997276_6.92109505922	3.52936300016
North_Sami_2.8	RANDOM	9270386	7.75880167611_7.52826081444	2.28258426966
Bulgarian_2.8	RANDOM	1918216	8.09323744463_7.61707897158	2.95792701276
Urdu_2.8	RANDOM	3605066	7.13773334847_6.09094848036	3.8050021431
Upper_Sorbian_2.8	RANDOM	364253	7.7165899812_7.46042025815	3.4706296166
Vietnamese_2.8	RANDOM	2104169	7.14693337176_6.85503269254	3.1391529316
Icelandic_2.8	RANDOM	3521174	7.58745292127_6.95153008872	4.33294556626
Hindi_2.8	RANDOM	7564301	7.1887846971_6.18271259374	4.11454204864
Old_East_Slavic_2.8	RANDOM	4394128	8.31255790664_7.56553804399	3.63497307958
Upper_Sorbian_2.8	RANDOM	5554473	7.7165899812_7.43657553513	2.85543440028
Classical_Chinese_2.8	RANDOM	9403517	6.64604347414_5.67439662277	2.02994079293
Mbya_Guarani_2.8	RANDOM	5629380	1.67886952047_1.16757246888	2.8882778287
Komi_Zyrian_2.8	RANDOM	1676880	8.00842326657_7.96427136638	2.80663133578
Komi_Zyrian_2.8	RANDOM	9563387	8.00842326657_7.92978299553	2.95243919011
Portuguese_2.8	RANDOM	1684775	7.18828702825_6.65194041851	3.63170197101
Mbya_Guarani_2.8	RANDOM	6942863	1.67886952047_1.15903977601	3.25471025563
Bulgarian_2.8	RANDOM	416788	8.09323744463_7.56869313931	2.96623913203
Thai_2.8	RANDOM	252569	6.99135476575_6.64479682211	3.68574821853
Gothic_2.8	RANDOM	3992960	7.08260227555_6.47598896223	3.45010513668
Catalan_2.8	RANDOM	2982079	6.9424317159_6.17512421779	4.05814780694
Vietnamese_2.8	RANDOM	6220868	7.14693337176_6.7910610023	2.34004825441
Gothic_2.8	RANDOM	2477194	7.08260227555_6.4543411627	2.74234504856
Akkadian_2.8	RANDOM	1562116	6.68098628559_4.56871157999	4.16191411252
Faroese_2.8	RANDOM	2200198	6.70440047675_6.06748135879	4.97465314153
Kazakh_2.8	RANDOM	781768	8.14772049101_8.01572103404	2.49511002445
Swedish_2.8	RANDOM	1068811	7.69697931331_7.24526606254	3.97547180768
Spanish_2.8	RANDOM	8721356	7.34145194481_6.53712114973	4.29579351849
Sanskrit_2.8	RANDOM	4136716	7.88649342905_7.27609824868	2.35430760453
Czech_2.8	RANDOM	3867454	9.05221642423_8.17117820979	3.27731635295
Komi_Zyrian_2.8	RANDOM	5601699	8.00842326657_7.95176234285	2.5610816687
French_2.8	RANDOM	3450030	7.30424825811_6.34895199709	3.74515498545
Chinese_2.8	RANDOM	605561	8.1048766083_7.6202826597	3.6431647702
Arabic_2.8	RANDOM	4156431	3.18569802223_2.55786846513	5.24946264096
Catalan_2.8	RANDOM	5007568	6.9424317159_6.25337133173	5.03993897513
Sanskrit_2.8	RANDOM	9285746	7.88649342905_7.21529717789	2.9835764936
Breton_2.8	RANDOM	7043997	6.6744745936_6.0864623055	2.85473605391
Hebrew_2.8	RANDOM	9675521	7.14094557019_6.58903393217	3.97922083613
Icelandic_2.8	RANDOM	7012997	7.58745292127_6.88736569617	5.03863239784
Latvian_2.8	RANDOM	9224914	8.96262163073_8.60174107751	2.99686912637
Danish_2.8	RANDOM	5308841	7.5946802527_7.28957432837	3.71732792028
Persian_2.8	RANDOM	9962141	7.66512142702_6.96627863684	3.65837559566
Urdu_2.8	RANDOM	5199894	7.13773334847_6.27244536508	4.41118854476
Old_Church_Slavonic_2.8	RANDOM	1176313	7.14355858817_6.28744158069	3.40655929722
Hindi_2.8	RANDOM	5603695	7.1887846971_6.31672219424	4.0530893496
Thai_2.8	RANDOM	3474066	6.99135476575_6.64086558481	3.23173396675
Turkish_2.8	RANDOM	1942936	9.23123992342_8.40951971053	2.648404801
Mbya_Guarani_2.8	RANDOM	4009298	1.67886952047_1.17493476299	2.8090436908
Finnish_2.8	RANDOM	4615506	9.34993648095_8.89003205088	3.23709348787
Upper_Sorbian_2.8	RANDOM	4951252	7.7165899812_7.43360716156	2.89869855786
Icelandic_2.8	RANDOM	2462327	7.58745292127_6.93141949414	4.71493415939
Afrikaans_2.8	RANDOM	4347502	6.67569446775_6.12585579513	4.64431316693
Upper_Sorbian_2.8	RANDOM	4462321	7.7165899812_7.51393906191	2.85367569469
Hebrew_2.8	RANDOM	6941665	7.14094557019_6.50540398375	3.66518157118
Czech_2.8	RANDOM	6440464	9.05221642423_8.1966410752	3.63656388285
Greek_2.8	RANDOM	5532357	7.52098232728_7.0527862624	4.67264335818
Catalan_2.8	RANDOM	7732643	6.9424317159_6.03292798218	4.16209784545
Coptic_2.8	RANDOM	4469493	5.55989604046_4.88000794335	5.95177467369
Russian_2.8	RANDOM	1096252	9.245975441_8.58063301776	3.5114053453
Classical_Chinese_2.8	RANDOM	1740227	6.64604347414_5.73348188316	1.89891703515
Romanian_2.8	RANDOM	6899062	8.00609274184_7.24624308747	3.9801069256
Welsh_2.8	RANDOM	4102129	6.8932721418_6.44040968676	3.75309501947
Kazakh_2.8	RANDOM	6153562	8.14772049101_8.00121509028	2.22629720185
Cantonese_2.8	RANDOM	131591	5.92291226847_5.4073509979	3.78969072165
Ancient_Greek_2.8	RANDOM	1701884	8.43111781796_7.66166455982	2.94881681472
Hungarian_2.8	RANDOM	4188827	8.24699378298_8.06440366613	3.80412490922
Erzya_2.8	RANDOM	5796999	8.19304814923_8.03779459354	2.46851607221
Lithuanian_2.8	RANDOM	3051721	8.72058336465_8.20077304236	3.28365994888
Polish_2.8	RANDOM	697321	8.71978086187_8.13184624018	2.91396167069
North_Sami_2.8	RANDOM	465901	7.75880167611_7.46752693817	2.37860061287
Faroese_2.8	RANDOM	8552275	6.70440047675_6.1032698569	5.61105858906
Czech_2.8	RANDOM	9011911	9.05221642423_8.22150892132	3.78562340788
Basque_2.8	RANDOM	186811	8.45484310813_7.87389457996	2.9320367228
Icelandic_2.8	RANDOM	2925034	7.58745292127_6.86814375739	5.22749159866
Hebrew_2.8	RANDOM	5212876	7.14094557019_6.56706172818	3.88472494084
Lithuanian_2.8	RANDOM	2310209	8.72058336465_8.21884683704	3.42028204281
Lithuanian_2.8	RANDOM	4419130	8.72058336465_8.1472805856	3.71171468814
Indonesian_2.8	RANDOM	9821414	8.12437959059_7.71784232113	3.46275546725
Manx_2.8	RANDOM	8210920	5.78963371805_4.97690229487	2.89407248357
Indonesian_2.8	RANDOM	6466440	8.12437959059_7.71488200825	4.08296933663
Romanian_2.8	RANDOM	2534807	8.00609274184_7.29873417662	4.65452996634
Classical_Chinese_2.8	RANDOM	7568064	6.64604347414_5.75428434832	1.78138818107
Naija_2.8	RANDOM	6688458	5.65820563244_4.75003987654	3.88993063206
Uyghur_2.8	RANDOM	7966947	8.51360741593_8.24396243693	3.03798867247
Indonesian_2.8	RANDOM	6979311	8.12437959059_7.68690813487	3.75860809607
Spanish_2.8	RANDOM	2302433	7.34145194481_6.62982763924	4.04739285541
Western_Armenian_2.8	RANDOM	4763790	8.14694790414_7.9570274011	4.56085996598
Belarusian_2.8	RANDOM	3280004	8.96501629969_8.30862248866	2.9927269301
Bambara_2.8	RANDOM	9647231	5.33384781381_4.5048337748	3.73426122223
Belarusian_2.8	RANDOM	7719504	8.96501629969_8.32322477594	2.94961795071
Spanish_2.8	RANDOM	5174953	7.34145194481_6.69273443106	4.31174180333
Portuguese_2.8	RANDOM	2156752	7.18828702825_6.5388626317	3.61637986503
Afrikaans_2.8	RANDOM	3829086	6.67569446775_6.15605935973	4.56462044972
Maltese_2.8	RANDOM	7106455	7.32924122663_6.85949944742	4.54554458096
Romanian_2.8	RANDOM	1411260	8.00609274184_7.21297618223	3.89210365408
Swedish_2.8	RANDOM	5228277	7.69697931331_7.21791742594	3.50794959642
Old_East_Slavic_2.8	RANDOM	9081940	8.31255790664_7.59691154278	2.87645145129
Belarusian_2.8	RANDOM	1107172	8.96501629969_8.30046273964	3.23206073305
Serbian_2.8	RANDOM	4311296	8.06528273959_7.52237617159	3.81416235314
Manx_2.8	RANDOM	1972207	5.78963371805_4.96079431465	2.68046066758
Bulgarian_2.8	RANDOM	3528265	8.09323744463_7.52743619721	2.96280692622
Czech_2.8	RANDOM	6525425	9.05221642423_8.3102605539	3.99291933323
Erzya_2.8	RANDOM	9133776	8.19304814923_8.05248915128	2.27793923382
Buryat_2.8	RANDOM	6676797	8.12523578009_8.00290703458	2.79973009447
Czech_2.8	RANDOM	340661	9.05221642423_8.23976689375	3.46687118672
Kurmanji_2.8	RANDOM	4823159	6.86169993023_6.54677397653	3.17588428346
Finnish_2.8	RANDOM	6489893	9.34993648095_8.94686151213	2.90852650102
Persian_2.8	RANDOM	3110919	7.66512142702_7.02185333632	4.32671792142
Amharic_2.8	RANDOM	2156549	5.72899089684_5.33755994717	2.3799082101
Ukrainian_2.8	RANDOM	2006169	9.00488465796_8.771797688	3.47447614074
Catalan_2.8	RANDOM	209886	6.9424317159_6.17481435131	4.84366258365
Basque_2.8	RANDOM	3757517	8.45484310813_8.07815510624	2.683298525
Thai_2.8	RANDOM	6230135	6.99135476575_6.6322803964	3.79173396675
Basque_2.8	RANDOM	49934	8.45484310813_8.05821199308	2.87950876735
Slovak_2.8	RANDOM	638802	8.38707949151_7.96474938414	2.86475125388
Buryat_2.8	RANDOM	1055564	8.12523578009_7.96067131424	2.51848852901
Erzya_2.8	RANDOM	9926900	8.19304814923_8.06764713507	2.54354909731
Chinese_2.8	RANDOM	7473189	8.1048766083_7.66550705633	3.56437130507
Arabic_2.8	RANDOM	7773765	3.18569802223_2.57943726125	4.18538667962
Old_Church_Slavonic_2.8	RANDOM	4099937	7.14355858817_6.3340830284	2.89436798438
Basque_2.8	RANDOM	8479978	8.45484310813_7.96948587663	3.35289126746
Basque_2.8	RANDOM	3534325	8.45484310813_8.05299309157	2.58460601314
Kazakh_2.8	RANDOM	275679	8.14772049101_7.99884964465	2.22847052431
Amharic_2.8	RANDOM	6607240	5.72899089684_5.23674841665	2.90311065783
Hindi_2.8	RANDOM	4466684	7.1887846971_6.22002827146	4.2655250509
Slovak_2.8	RANDOM	3149752	8.38707949151_7.94941548678	2.63567434491
Norwegian_2.8	RANDOM	8611636	7.69579638452_7.09838361949	3.47058088212
Welsh_2.8	RANDOM	2597224	6.8932721418_6.49702444361	4.10477155432
Gothic_2.8	RANDOM	7636636	7.08260227555_6.42008042089	3.62591368779
Italian_2.8	RANDOM	9485650	7.37224976657_6.58682447177	3.97305707754
Korean_2.8	RANDOM	3010891	10.1703528661_9.85658589699	2.5987690212
Swedish_2.8	RANDOM	816244	7.69697931331_7.21635949531	3.26183729168
Croatian_2.8	RANDOM	7787123	8.48054534126_7.95582495674	3.57269271028
Mbya_Guarani_2.8	RANDOM	2749562	1.67886952047_1.17691845006	2.68734086974
Belarusian_2.8	RANDOM	2696409	8.96501629969_8.27128733279	2.88181373583
Catalan_2.8	RANDOM	9936974	6.9424317159_6.02234244374	4.34543478124
Spanish_2.8	RANDOM	2095708	7.34145194481_6.83028247785	4.76773258301
Gothic_2.8	RANDOM	3591129	7.08260227555_6.43076966957	3.21107439672
Slovak_2.8	RANDOM	9910417	8.38707949151_7.98831368451	2.73773948116
Irish_2.8	RANDOM	3642352	7.36585182827_6.76443685955	4.34803952084
Breton_2.8	RANDOM	577076	6.6744745936_6.18378922821	2.53525521028
Erzya_2.8	RANDOM	1252316	8.19304814923_8.05397132155	2.69933949802
Scottish_Gaelic_2.8	RANDOM	5659528	6.42959187247_5.77481119324	4.30586291806
Japanese_2.8	RANDOM	5362340	1.94946117468_1.41755861677	3.93830869719
Afrikaans_2.8	RANDOM	5286290	6.67569446775_6.10190896128	4.23361430873
Ancient_Greek_2.8	RANDOM	3117178	8.43111781796_7.59804511514	4.11049064171
Manx_2.8	RANDOM	4478916	5.78963371805_4.99698265975	2.80720931746
Maltese_2.8	RANDOM	3661812	7.32924122663_6.8165727406	4.02719558875
Classical_Chinese_2.8	RANDOM	1427479	6.64604347414_5.76849059807	1.8661564116
Danish_2.8	RANDOM	5742980	7.5946802527_7.20650663125	3.61406163499
Turkish_2.8	RANDOM	3393046	9.23123992342_8.44707627611	2.52257030996
Russian_2.8	RANDOM	7706682	9.245975441_8.4854617831	3.34401414605
Scottish_Gaelic_2.8	RANDOM	5397190	6.42959187247_5.65525369645	4.06815135742
Old_French_2.8	RANDOM	8056115	7.05139088845_6.34155571671	3.17445218278
Indonesian_2.8	RANDOM	4673249	8.12437959059_7.71485123038	4.2505003433
Belarusian_2.8	RANDOM	3477708	8.96501629969_8.29417872731	2.77524374431
Latvian_2.8	RANDOM	3715741	8.96262163073_8.60082951768	3.03030664908
Kiche_2.8	RANDOM	2659577	6.27326268572_5.76426556116	1.95560069646
Basque_2.8	RANDOM	4809221	8.45484310813_8.02895524649	2.71118870469
Latin_2.8	RANDOM	9773374	8.13805400927_7.58167001121	4.03066443623
Old_French_2.8	RANDOM	3848130	7.05139088845_6.31573206917	3.24038624871
Cantonese_2.8	RANDOM	5476316	5.92291226847_5.44411049113	3.83043691703
Icelandic_2.8	RANDOM	6668745	7.58745292127_6.90643183837	4.32346496701
Akkadian_2.8	RANDOM	6197321	6.68098628559_4.73104543999	3.65674891147
Norwegian_2.8	RANDOM	51674	7.69579638452_7.00973685174	3.94739725322
Urdu_2.8	RANDOM	4813987	7.13773334847_6.10715819739	3.80359722509
Urdu_2.8	RANDOM	5402802	7.13773334847_6.28925241072	4.51766069246
Naija_2.8	RANDOM	71273	5.65820563244_4.67814469987	3.69513816604
Korean_2.8	RANDOM	4389845	10.1703528661_9.88965362055	2.84161738321
Bulgarian_2.8	RANDOM	3433789	8.09323744463_7.58972964418	2.6424324742
Hungarian_2.8	RANDOM	9751983	8.24699378298_8.07317190784	4.18826434277
Belarusian_2.8	RANDOM	6737458	8.96501629969_8.24317730796	3.27284556056
Slovak_2.8	RANDOM	981584	8.38707949151_7.96733245915	2.59239422233
Slovenian_2.8	RANDOM	6327894	8.26033644521_7.85203125253	4.40272258696
Greek_2.8	RANDOM	8373777	7.52098232728_6.95010166226	3.60729656966
Coptic_2.8	RANDOM	8282155	5.55989604046_4.71276457685	4.93476070529
Manx_2.8	RANDOM	9660545	5.78963371805_5.0238749021	2.59223111458
Portuguese_2.8	RANDOM	6527303	7.18828702825_6.70038503748	4.64618867097
Hindi_2.8	RANDOM	2825239	7.1887846971_6.27138710963	3.61594848875
Maltese_2.8	RANDOM	3750364	7.32924122663_6.78411533714	3.69999196981
Ukrainian_2.8	RANDOM	8889853	9.00488465796_8.71525511047	3.64833431251
Galician_2.8	RANDOM	3536366	6.9042382318_6.51916164623	4.28665336143
Norwegian_2.8	RANDOM	3501953	7.69579638452_7.02445062101	3.96535002013
Naija_2.8	RANDOM	703444	5.65820563244_4.81633664571	4.33198598965
Swedish_2.8	RANDOM	8072796	7.69697931331_7.24454731875	3.08189419894
Breton_2.8	RANDOM	7320320	6.6744745936_6.18844507787	3.07749906402
Faroese_2.8	RANDOM	9541505	6.70440047675_6.01352777361	4.20162506068
Bambara_2.8	RANDOM	8742238	5.33384781381_4.59377503049	4.55995944327
Kiche_2.8	RANDOM	9533249	6.27326268572_5.75467045005	2.40684852002
Classical_Chinese_2.8	RANDOM	7833809	6.64604347414_5.71725609466	2.06076219741
Ukrainian_2.8	RANDOM	4087933	9.00488465796_8.75912171007	3.49769349609
Indonesian_2.8	RANDOM	5028661	8.12437959059_7.68847328335	3.77388134925
Ancient_Greek_2.8	RANDOM	2644198	8.43111781796_7.63177426594	3.64681995585
Belarusian_2.8	RANDOM	2987912	8.96501629969_8.28543650424	2.77728074229
Akkadian_2.8	RANDOM	9100889	6.68098628559_4.65301152556	3.82523691625
Wolof_2.8	RANDOM	8174690	6.67615833577_6.09052417455	4.49565595135
Korean_2.8	RANDOM	1599768	10.1703528661_9.85474884571	3.0306526458
Bambara_2.8	RANDOM	1388888	5.33384781381_4.5958993652	4.49442344917
Buryat_2.8	RANDOM	6548798	8.12523578009_7.99223391204	2.75641025641
Kurmanji_2.8	RANDOM	642500	6.86169993023_6.50078682666	2.87249301082
Akkadian_2.8	RANDOM	9773208	6.68098628559_4.65513518866	4.42013147785
Serbian_2.8	RANDOM	4197782	8.06528273959_7.53421774514	3.60907754457
Gothic_2.8	RANDOM	4095231	7.08260227555_6.46359216012	3.542605387
Mbya_Guarani_2.8	RANDOM	9894724	1.67886952047_1.16637033761	2.53936246054
Russian_2.8	RANDOM	7344969	9.245975441_8.52990944171	2.77091320856
Slovak_2.8	RANDOM	4171775	8.38707949151_7.9886161636	2.87765017089
Swedish_2.8	RANDOM	8914426	7.69697931331_7.24725685649	3.22088148191
Finnish_2.8	RANDOM	5540321	9.34993648095_8.93308362969	3.11976396497
Danish_2.8	RANDOM	9834247	7.5946802527_7.25058701525	4.18416682045
Polish_2.8	RANDOM	2616911	8.71978086187_8.11517492571	3.15607345959
Welsh_2.8	RANDOM	9315875	6.8932721418_6.46536422197	3.99021625558
Danish_2.8	RANDOM	7357226	7.5946802527_7.20465564912	4.66536261303
Latvian_2.8	RANDOM	7359946	8.96262163073_8.61254400919	4.06874422372
Coptic_2.8	RANDOM	6309984	5.55989604046_4.79023334188	5.10183192123
Breton_2.8	RANDOM	4582676	6.6744745936_6.12946412429	3.13552976413
Thai_2.8	RANDOM	7512506	6.99135476575_6.57131362958	4.56522565321
Maltese_2.8	RANDOM	1638456	7.32924122663_6.82481124368	3.95781471667
Bambara_2.8	RANDOM	7635280	5.33384781381_4.57288936165	2.375057609
North_Sami_2.8	RANDOM	7523896	7.75880167611_7.43819117664	2.36542390194
Naija_2.8	RANDOM	6452523	5.65820563244_4.82217918903	4.71086561766
Slovak_2.8	RANDOM	1688296	8.38707949151_7.95463914509	2.48615167031
Croatian_2.8	RANDOM	8708976	8.48054534126_7.98633506503	3.7512001155
Vietnamese_2.8	RANDOM	4167663	7.14693337176_6.71121723265	3.17673904828
Akkadian_2.8	RANDOM	1785934	6.68098628559_4.76977261391	4.20434559891
Afrikaans_2.8	RANDOM	7260295	6.67569446775_6.13539644812	3.59175286618
Russian_2.8	RANDOM	19836	9.245975441_8.63148378889	3.5697419945
Cantonese_2.8	RANDOM	911274	5.92291226847_5.54960977264	3.89936180658
Urdu_2.8	RANDOM	936152	7.13773334847_6.25425360844	3.6396107504
Western_Armenian_2.8	RANDOM	3065790	8.14694790414_7.97740629824	4.16084548844
Turkish_2.8	RANDOM	6071902	9.23123992342_8.37042676531	2.61788120703
Naija_2.8	RANDOM	2583017	5.65820563244_4.58475268319	5.71637402463
Old_East_Slavic_2.8	RANDOM	9287417	8.31255790664_7.65557197962	3.41567155187
Faroese_2.8	RANDOM	5862157	6.70440047675_6.01053316309	3.70242992565
Scottish_Gaelic_2.8	RANDOM	3204570	6.42959187247_5.77170683989	4.74268304086
Irish_2.8	RANDOM	3452986	7.36585182827_6.66845166876	3.55784502921
Russian_2.8	RANDOM	9341654	9.245975441_8.59914317878	3.26061604483
Basque_2.8	RANDOM	7356969	8.45484310813_8.05247717169	2.44618848714
Greek_2.8	RANDOM	7290053	7.52098232728_6.8771868187	3.74084723723
Norwegian_2.8	RANDOM	8776613	7.69579638452_7.03393904585	4.51462269961
Naija_2.8	RANDOM	4250538	5.65820563244_4.76752076959	3.94687616341
Bambara_2.8	RANDOM	6482098	5.33384781381_4.56377857321	3.33634436354
Naija_2.8	RANDOM	9415575	5.65820563244_4.69729002755	4.88787922533
Coptic_2.8	RANDOM	1099008	5.55989604046_4.66577687438	4.1980535837
Croatian_2.8	RANDOM	9303795	8.48054534126_8.03172274212	3.87404502087
Norwegian_2.8	RANDOM	806326	7.69579638452_6.9893533788	3.43714417546
Indonesian_2.8	RANDOM	5740062	8.12437959059_7.75835086056	3.74570143018
Thai_2.8	RANDOM	3211045	6.99135476575_6.66672416587	4.16232779097
Naija_2.8	RANDOM	9305383	5.65820563244_4.78018938448	4.95055349993
Arabic_2.8	RANDOM	5383293	3.18569802223_2.49953690766	4.44126479653
Akkadian_2.8	RANDOM	46179	6.68098628559_4.65706678329	3.96653291215
Naija_2.8	RANDOM	1349070	5.65820563244_4.72088987472	5.9876915596
Kurmanji_2.8	RANDOM	1858446	6.86169993023_6.5289728622	2.66913820348
Irish_2.8	RANDOM	2420687	7.36585182827_6.72422323058	3.75403523438
Hungarian_2.8	RANDOM	4101394	8.24699378298_8.03708269626	3.61371096587
Basque_2.8	RANDOM	9061743	8.45484310813_8.0722218349	2.71910760127
Komi_Zyrian_2.8	RANDOM	9792178	8.00842326657_7.9190431971	3.04416360919
Icelandic_2.8	RANDOM	9284082	7.58745292127_6.96941434829	4.91510549675
Hebrew_2.8	RANDOM	5646872	7.14094557019_6.55470395296	3.85134681118
Swedish_2.8	RANDOM	3516111	7.69697931331_7.21673398539	4.37710934324
Naija_2.8	RANDOM	3731840	5.65820563244_4.6652534252	4.06065325908
Amharic_2.8	RANDOM	4059289	5.72899089684_5.22971254982	2.52651708312
Bulgarian_2.8	RANDOM	7891022	8.09323744463_7.53586018629	2.80221710735
Bulgarian_2.8	RANDOM	5102834	8.09323744463_7.62924029907	3.19526973722
Portuguese_2.8	RANDOM	6521173	7.18828702825_6.63902454048	4.18450448398
Hebrew_2.8	RANDOM	2706246	7.14094557019_6.57533442586	4.43776476088
Czech_2.8	RANDOM	6236591	9.05221642423_8.13865954356	3.83840287372
Buryat_2.8	RANDOM	1242579	8.12523578009_7.98463288455	2.88421052632
Icelandic_2.8	RANDOM	6285681	7.58745292127_6.91011060511	4.08604965524
Persian_2.8	RANDOM	9302617	7.66512142702_6.96364724243	3.82011823365
Persian_2.8	RANDOM	9548303	7.66512142702_6.96011529166	3.21984125148
Coptic_2.8	RANDOM	9167307	5.55989604046_4.69462350045	4.52170826654
English_2.8	RANDOM	9241543	7.39497270518_6.75120563118	3.57394963896
Finnish_2.8	RANDOM	5847088	9.34993648095_8.95685893093	2.63303101267
English_2.8	RANDOM	9061024	7.39497270518_6.8397074416	4.12752970563
Wolof_2.8	RANDOM	8280258	6.67615833577_6.13602840366	3.39148023458
Czech_2.8	RANDOM	8712191	9.05221642423_8.22904756637	3.32864780779
Basque_2.8	RANDOM	5218921	8.45484310813_8.04247192522	2.59867075665
Classical_Chinese_2.8	RANDOM	1313545	6.64604347414_5.66548010218	2.05026043618
Slovenian_2.8	RANDOM	8526744	8.26033644521_7.93650816557	4.40820807418
Finnish_2.8	RANDOM	4706195	9.34993648095_8.93575046743	2.35845505544
Latvian_2.8	RANDOM	9471783	8.96262163073_8.60991894011	2.85417813269
Sanskrit_2.8	RANDOM	6456519	7.88649342905_7.33946263903	2.75556280055
Welsh_2.8	RANDOM	6880312	6.8932721418_6.40998378685	3.53050691828
Komi_Zyrian_2.8	RANDOM	6442865	8.00842326657_7.96124692581	2.55985867645
Classical_Chinese_2.8	RANDOM	4557771	6.64604347414_5.63239487603	1.77099415424
Chinese_2.8	RANDOM	9196213	8.1048766083_7.61940780787	3.72655902358
Old_Church_Slavonic_2.8	RANDOM	7069027	7.14355858817_6.32144605005	2.67195705222
Latvian_2.8	RANDOM	947399	8.96262163073_8.62700404669	2.84644181144
English_2.8	RANDOM	7300037	7.39497270518_6.80351089482	4.00289360504
Komi_Zyrian_2.8	RANDOM	7319360	8.00842326657_7.92624391627	2.75635276532
Classical_Chinese_2.8	RANDOM	154397	6.64604347414_5.73718147568	1.87129018961
Manx_2.8	RANDOM	9913568	5.78963371805_5.06566969471	2.53887696011
Danish_2.8	RANDOM	1479356	7.5946802527_7.2583209457	3.29805007074
Bulgarian_2.8	RANDOM	3795588	8.09323744463_7.54091219429	2.90406090132
Welsh_2.8	RANDOM	8920961	6.8932721418_6.49565675106	4.06066554792
Old_French_2.8	RANDOM	1993423	7.05139088845_6.26844736721	3.22833230978
Japanese_2.8	RANDOM	2014890	1.94946117468_1.44856648602	5.77401665291
Indonesian_2.8	RANDOM	5512096	8.12437959059_7.6091918877	3.92353877843
Bambara_2.8	RANDOM	8826876	5.33384781381_4.55607863701	3.47220942022
Latin_2.8	RANDOM	1260714	8.13805400927_7.60539437914	2.91038154036
Hungarian_2.8	RANDOM	3018438	8.24699378298_8.03888242336	3.83169208424
Coptic_2.8	RANDOM	7831098	5.55989604046_4.82234773932	5.67215479734
Kazakh_2.8	RANDOM	2043731	8.14772049101_8.00722316924	2.26460201032
Latvian_2.8	RANDOM	9003793	8.96262163073_8.58776077858	3.33320699073
Arabic_2.8	RANDOM	8537187	3.18569802223_2.56983254564	4.93805924739
Welsh_2.8	RANDOM	8499337	6.8932721418_6.47751946382	4.04714561631
Kurmanji_2.8	RANDOM	5421509	6.86169993023_6.49841782023	3.01106114015
Polish_2.8	RANDOM	3162006	8.71978086187_8.0053161756	3.00020664872
Hebrew_2.8	RANDOM	7009955	7.14094557019_6.66026200763	3.75531712875
Catalan_2.8	RANDOM	71724	6.9424317159_6.14896768864	4.2508126507
Wolof_2.8	RANDOM	2118653	6.67615833577_6.10837508212	3.60680929626
Naija_2.8	RANDOM	2354125	5.65820563244_4.72166721211	4.08944893137
Czech_2.8	RANDOM	3164006	9.05221642423_8.31284664799	3.85187821839
Cantonese_2.8	RANDOM	9074862	5.92291226847_5.5268646952	3.43544428081
Naija_2.8	RANDOM	9152423	5.65820563244_4.74187417118	5.72141136783
North_Sami_2.8	RANDOM	9281246	7.75880167611_7.46279593803	2.33054136874
Vietnamese_2.8	RANDOM	1490253	7.14693337176_6.87828246775	3.14639109328
English_2.8	RANDOM	9485075	7.39497270518_6.82590815044	3.98367619768
Russian_2.8	RANDOM	2150398	9.245975441_8.63141227357	3.52763388358
English_2.8	RANDOM	6350211	7.39497270518_6.74825581566	3.51024415342
Catalan_2.8	RANDOM	7821879	6.9424317159_6.22284207771	4.6561034317
Gothic_2.8	RANDOM	2994444	7.08260227555_6.44221936952	3.0484630019
Kazakh_2.8	RANDOM	1621759	8.14772049101_8.0202280164	2.52906818799
Chinese_2.8	RANDOM	4416110	8.1048766083_7.63121943462	3.09209522599
Mbya_Guarani_2.8	RANDOM	4249375	1.67886952047_1.17888366804	2.41847438639
Czech_2.8	RANDOM	5765354	9.05221642423_8.20336466383	3.70218677258
Coptic_2.8	RANDOM	9743215	5.55989604046_4.77892251373	5.80226700252
Irish_2.8	RANDOM	3597740	7.36585182827_6.648277503	3.55619980969
Swedish_2.8	RANDOM	1689282	7.69697931331_7.23649698871	3.90440740956
Old_East_Slavic_2.8	RANDOM	3036327	8.31255790664_7.65017451306	3.65034530431
Turkish_2.8	RANDOM	3923825	9.23123992342_8.53920081101	2.39050967932
Latvian_2.8	RANDOM	9025240	8.96262163073_8.64223346761	3.06330283804
Gothic_2.8	RANDOM	9952201	7.08260227555_6.39546786195	2.85925703414
Polish_2.8	RANDOM	649256	8.71978086187_8.12197208963	2.98521253955
Norwegian_2.8	RANDOM	5881333	7.69579638452_7.01619612452	3.62887443174
Swedish_2.8	RANDOM	8326674	7.69697931331_7.21208299527	3.60817025724
Western_Armenian_2.8	RANDOM	7756431	8.14694790414_7.98316190745	3.90571500959
Armenian_2.8	RANDOM	113163	8.38778667396_8.08218102696	3.69323387319
Indonesian_2.8	RANDOM	4647779	8.12437959059_7.73730309629	3.05728017764
Urdu_2.8	RANDOM	5051815	7.13773334847_6.44813914888	4.87466067658
Naija_2.8	RANDOM	2518293	5.65820563244_4.81794330559	5.28116428729
Belarusian_2.8	RANDOM	3322753	8.96501629969_8.2645554143	2.66621051073
Hindi_2.8	RANDOM	5105061	7.1887846971_6.2997520822	4.39623062004
Italian_2.8	RANDOM	3325679	7.37224976657_6.63920062542	4.55350629558
Slovak_2.8	RANDOM	5382761	8.38707949151_7.98704065262	2.76898497964
Finnish_2.8	RANDOM	6874632	9.34993648095_8.94693630726	2.72434243603
Russian_2.8	RANDOM	8078048	9.245975441_8.61095817935	3.49354986259
Coptic_2.8	RANDOM	3480889	5.55989604046_4.7390875516	4.05543851614
Lithuanian_2.8	RANDOM	7864479	8.72058336465_8.27683741336	3.45554608844
Serbian_2.8	RANDOM	8915928	8.06528273959_7.47661260368	4.0752467664
Russian_2.8	RANDOM	8500685	9.245975441_8.59862971166	3.54751700389
Irish_2.8	RANDOM	6918066	7.36585182827_6.78665989008	4.11222175781
Komi_Zyrian_2.8	RANDOM	2326418	8.00842326657_7.94532733886	2.59084114689
Kiche_2.8	RANDOM	8886135	6.27326268572_5.71371966673	2.13363319791
Amharic_2.8	RANDOM	5681829	5.72899089684_5.1888324644	2.82751147374
English_2.8	RANDOM	2979763	7.39497270518_6.7870138765	4.12707015893
Japanese_2.8	RANDOM	8797892	1.94946117468_1.43416601675	4.54372105107
Buryat_2.8	RANDOM	2335364	8.12523578009_7.99951858373	2.84898785425
North_Sami_2.8	RANDOM	7664134	7.75880167611_7.47380398917	2.37068437181
Persian_2.8	RANDOM	406339	7.66512142702_7.05460322271	3.3702091073
Chinese_2.8	RANDOM	7066074	8.1048766083_7.63462823863	3.44943105969
Latin_2.8	RANDOM	9844219	8.13805400927_7.60522869823	3.40178274143
Japanese_2.8	RANDOM	2710066	1.94946117468_1.40539914523	4.14388713384
Galician_2.8	RANDOM	6737896	6.9042382318_6.3647534953	4.29684163515
Buryat_2.8	RANDOM	8345584	8.12523578009_7.98823887813	2.81120107962
Greek_2.8	RANDOM	9825154	7.52098232728_6.96319011479	4.66377905167
Mbya_Guarani_2.8	RANDOM	2636795	1.67886952047_1.16809889674	2.63825236786
Galician_2.8	RANDOM	3364537	6.9042382318_6.48667675946	3.82001646872
Arabic_2.8	RANDOM	8893969	3.18569802223_2.56935320254	5.71123572879
Akkadian_2.8	RANDOM	4209686	6.68098628559_4.70007396573	4.03385127636
Old_East_Slavic_2.8	RANDOM	4624909	8.31255790664_7.56603105061	3.52528109483
Western_Armenian_2.8	RANDOM	7580839	8.14694790414_7.99182353158	4.5821419523
Upper_Sorbian_2.8	RANDOM	5950209	7.7165899812_7.43101308469	3.38304607809
Irish_2.8	RANDOM	2784227	7.36585182827_6.69898676512	3.34066715875
Gothic_2.8	RANDOM	1213625	7.08260227555_6.42405402761	3.23314308601
Danish_2.8	RANDOM	1600372	7.5946802527_7.25397355228	4.37635480101
Persian_2.8	RANDOM	9049516	7.66512142702_7.03166702601	3.59027109007
Hebrew_2.8	RANDOM	2312252	7.14094557019_6.59743587552	3.91521078618
Norwegian_2.8	RANDOM	212427	7.69579638452_7.03572907501	3.77940854769
Kiche_2.8	RANDOM	7462716	6.27326268572_5.75018882286	2.08168891468
Akkadian_2.8	RANDOM	1579023	6.68098628559_4.70750114013	4.05886621702
Ancient_Greek_2.8	RANDOM	6303126	8.43111781796_7.67041468733	2.91817836833
Slovak_2.8	RANDOM	2454078	8.38707949151_7.93510416785	2.40503908961
Cantonese_2.8	RANDOM	8772800	5.92291226847_5.5194918236	4.11998036328
Chinese_2.8	RANDOM	4884315	8.1048766083_7.60740241703	3.40911258026
Finnish_2.8	RANDOM	2738568	9.34993648095_8.89472089327	2.9361488185
Maltese_2.8	RANDOM	7767149	7.32924122663_6.89054806524	4.72207500201
Buryat_2.8	RANDOM	4966065	8.12523578009_7.97973644596	2.7636977058
Latvian_2.8	RANDOM	1227670	8.96262163073_8.61561843501	3.28050654732
Italian_2.8	RANDOM	6832973	7.37224976657_6.68780998502	4.29432127436
Chinese_2.8	RANDOM	1040140	8.1048766083_7.61348046331	4.07572627296
Uyghur_2.8	RANDOM	7087308	8.51360741593_8.34269659291	2.47478933554
Swedish_2.8	RANDOM	7446660	7.69697931331_7.21456323667	4.23495731955
Old_Church_Slavonic_2.8	RANDOM	6686283	7.14355858817_6.289279097	2.84663738409
Welsh_2.8	RANDOM	2984177	6.8932721418_6.42914965036	4.05632777127
Cantonese_2.8	RANDOM	8177623	5.92291226847_5.49084116967	2.94688267059
Belarusian_2.8	RANDOM	6140303	8.96501629969_8.2806827477	3.24781830337
Romanian_2.8	RANDOM	7536475	8.00609274184_7.21419450693	4.41098286891
Amharic_2.8	RANDOM	6876687	5.72899089684_5.22461588905	2.75140234574
Arabic_2.8	RANDOM	9549597	3.18569802223_2.50678537598	4.99476211739
Kiche_2.8	RANDOM	5762152	6.27326268572_5.79459789609	2.10838653511
Komi_Zyrian_2.8	RANDOM	1796486	8.00842326657_7.96429645003	2.91316754994
Faroese_2.8	RANDOM	3441526	6.70440047675_6.07197365518	4.49533689348
Vietnamese_2.8	RANDOM	1406044	7.14693337176_6.79181502686	2.84343478387
Naija_2.8	RANDOM	6789402	5.65820563244_4.6974074422	4.27130993717
Armenian_2.8	RANDOM	1737948	8.38778667396_8.07824302138	4.09759943929
Gothic_2.8	RANDOM	9682581	7.08260227555_6.44756821897	3.56693701812
Kazakh_2.8	RANDOM	8931876	8.14772049101_8.03159730798	2.35520239065
Slovak_2.8	RANDOM	733641	8.38707949151_7.96128674219	2.44906564698
Komi_Zyrian_2.8	RANDOM	4831420	8.00842326657_7.9417505881	2.77537708928
Serbian_2.8	RANDOM	972400	8.06528273959_7.53728745613	3.68229829395
Finnish_2.8	RANDOM	5732398	9.34993648095_8.96129397891	3.01444126909
Slovenian_2.8	RANDOM	9011294	8.26033644521_7.89977838261	3.84357002995
Hindi_2.8	RANDOM	5365017	7.1887846971_6.18701039039	3.40782848056
Hebrew_2.8	RANDOM	5220008	7.14094557019_6.58813310204	4.15659966695
Hebrew_2.8	RANDOM	5754803	7.14094557019_6.49916127076	4.15884922142
Gothic_2.8	RANDOM	5307031	7.08260227555_6.41348382274	2.87505757485
Hindi_2.8	RANDOM	326368	7.1887846971_6.23349267838	3.62725723097
Italian_2.8	RANDOM	7535193	7.37224976657_6.65112636691	4.38492833557
Uyghur_2.8	RANDOM	2287286	8.51360741593_8.31985069826	3.12125293549
Faroese_2.8	RANDOM	8595556	6.70440047675_6.05308692553	3.39313181899
Italian_2.8	RANDOM	3644194	7.37224976657_6.45539652308	4.26436372873
Hungarian_2.8	RANDOM	9154356	8.24699378298_8.04309386829	4.38527233115
Serbian_2.8	RANDOM	6108545	8.06528273959_7.46971464592	3.41733479931
Basque_2.8	RANDOM	3660888	8.45484310813_8.0076769854	3.08700996389
Kazakh_2.8	RANDOM	2786907	8.14772049101_8.0050988992	2.29285520239
Dutch_2.8	RANDOM	7240298	7.57654997276_6.98801685938	4.41098542011
Irish_2.8	RANDOM	2282389	7.36585182827_6.76341754328	4.26139425685
Romanian_2.8	RANDOM	3769396	8.00609274184_7.25229379561	4.2758534189
Slovenian_2.8	RANDOM	4090690	8.26033644521_7.90460196244	3.20662721723
English_2.8	RANDOM	632536	7.39497270518_6.75366636197	3.74840587868
Polish_2.8	RANDOM	9809597	8.71978086187_8.12926516998	3.19522668291
Gothic_2.8	RANDOM	3753628	7.08260227555_6.45070222554	3.34655051567
Chinese_2.8	RANDOM	5291069	8.1048766083_7.69884553018	3.71386116585
French_2.8	RANDOM	2553326	7.30424825811_6.33982231661	3.85719104891
Slovenian_2.8	RANDOM	4899381	8.26033644521_7.88895962636	3.62518716886
Bulgarian_2.8	RANDOM	2962600	8.09323744463_7.53962925766	2.81182240368
Hindi_2.8	RANDOM	8155792	7.1887846971_6.19200455639	3.85359169267
Chinese_2.8	RANDOM	7951629	8.1048766083_7.639439813	4.01292829445
Romanian_2.8	RANDOM	6679638	8.00609274184_7.27692742052	4.21736051592
Italian_2.8	RANDOM	8089903	7.37224976657_6.50898463118	3.98131717406
Polish_2.8	RANDOM	4055273	8.71978086187_8.09295214986	3.09131994858
Kurmanji_2.8	RANDOM	6114634	6.86169993023_6.52266083992	2.88659292573
Irish_2.8	RANDOM	8850471	7.36585182827_6.72853286954	3.83054238886
Ancient_Greek_2.8	RANDOM	48454	8.43111781796_7.73071372035	3.92475977586
Latvian_2.8	RANDOM	9143286	8.96262163073_8.58652549307	2.86141081423
Galician_2.8	RANDOM	2041446	6.9042382318_6.54168152123	3.83609440203
Afrikaans_2.8	RANDOM	2949661	6.67569446775_6.15030261712	4.16965932706
Hebrew_2.8	RANDOM	3922805	7.14094557019_6.66134883256	4.0753016448
Hebrew_2.8	RANDOM	508483	7.14094557019_6.51294049178	4.47441496976
Ukrainian_2.8	RANDOM	8322069	9.00488465796_8.72954750357	3.4385403747
Western_Armenian_2.8	RANDOM	4493917	8.14694790414_7.98859643769	3.22027579717
Classical_Chinese_2.8	RANDOM	6084477	6.64604347414_5.69401196136	1.93779509855
Polish_2.8	RANDOM	3985757	8.71978086187_8.08650866239	2.7311902698
Old_French_2.8	RANDOM	373764	7.05139088845_6.36247393045	3.89346800643
Turkish_2.8	RANDOM	5779583	9.23123992342_8.46587724771	2.61959838076
Arabic_2.8	RANDOM	5771573	3.18569802223_2.51245162819	5.19184921552
Kazakh_2.8	RANDOM	6439891	8.14772049101_7.98735786393	2.39785384406
Mbya_Guarani_2.8	RANDOM	5724574	1.67886952047_1.16536071406	2.51960484774
Norwegian_2.8	RANDOM	538326	7.69579638452_7.03100160922	3.94324822651
Old_Church_Slavonic_2.8	RANDOM	4211241	7.14355858817_6.36102941447	3.43693509029
Kurmanji_2.8	RANDOM	1616688	6.86169993023_6.54067376139	3.6351039261
Coptic_2.8	RANDOM	1801396	5.55989604046_4.7679518922	6.13741699107
Latvian_2.8	RANDOM	3654639	8.96262163073_8.58013567103	2.99917444626
French_2.8	RANDOM	3843804	7.30424825811_6.65168690882	5.87498092718
Ukrainian_2.8	RANDOM	6319967	9.00488465796_8.74219068979	3.64275300825
Lithuanian_2.8	RANDOM	422629	8.72058336465_8.23075470614	4.09737606288
Gothic_2.8	RANDOM	8819578	7.08260227555_6.45977242702	3.58343847001
Naija_2.8	RANDOM	2607296	5.65820563244_4.77837772825	5.1208734434
Serbian_2.8	RANDOM	8863445	8.06528273959_7.49541307949	3.55078014009
Icelandic_2.8	RANDOM	4928693	7.58745292127_6.95791865849	5.39169125864
Scottish_Gaelic_2.8	RANDOM	4912922	6.42959187247_5.82438981588	5.37339089237
Maltese_2.8	RANDOM	9639459	7.32924122663_6.85917961028	3.92173238042
English_2.8	RANDOM	4571631	7.39497270518_6.78437065793	3.30699478447
Romanian_2.8	RANDOM	3861940	8.00609274184_7.14810049821	3.76304560278
Old_Church_Slavonic_2.8	RANDOM	2620112	7.14355858817_6.33153115984	2.84786725232
Chinese_2.8	RANDOM	8095249	8.1048766083_7.62881681463	4.15582289746
Old_French_2.8	RANDOM	3952994	7.05139088845_6.31066270823	3.99566842195
Maltese_2.8	RANDOM	7041859	7.32924122663_6.89159854063	3.68559115608
Western_Armenian_2.8	RANDOM	9718996	8.14694790414_7.97143492756	4.04697962286
Maltese_2.8	RANDOM	6527523	7.32924122663_6.83039796571	3.63906956824
Arabic_2.8	RANDOM	1834082	3.18569802223_2.54094562769	4.89962877355
Norwegian_2.8	RANDOM	1532869	7.69579638452_7.07037322728	3.87367619944
Persian_2.8	RANDOM	9851603	7.66512142702_7.03974095624	3.81574810999
Mbya_Guarani_2.8	RANDOM	9490479	1.67886952047_1.1631757347	3.02138710663
Vietnamese_2.8	RANDOM	242649	7.14693337176_6.75689258485	2.44774861196
Hebrew_2.8	RANDOM	7764280	7.14094557019_6.6100939385	4.05035934442
Old_French_2.8	RANDOM	8837541	7.05139088845_6.24348425664	2.87738955456
Croatian_2.8	RANDOM	4303818	8.48054534126_7.95231123988	3.52146371982
Norwegian_2.8	RANDOM	7416508	7.69579638452_6.98387063894	3.85518297447
Slovak_2.8	RANDOM	4236912	8.38707949151_7.93690045966	2.60141691657
English_2.8	RANDOM	5288016	7.39497270518_6.77129994376	3.35048461288
Czech_2.8	RANDOM	7397654	9.05221642423_8.17998442001	3.50346176569
Basque_2.8	RANDOM	1928281	8.45484310813_7.97329579164	2.71016620981
Russian_2.8	RANDOM	1367044	9.245975441_8.59062647522	3.02564715201
Maltese_2.8	RANDOM	3781302	7.32924122663_6.86695456965	3.54741829278
Maltese_2.8	RANDOM	417076	7.32924122663_6.8296403299	4.42075537354
Spanish_2.8	RANDOM	7330537	7.34145194481_6.62291140987	4.92467568199
Classical_Chinese_2.8	RANDOM	2247152	6.64604347414_5.64992334061	1.9207355917
Afrikaans_2.8	RANDOM	8591398	6.67569446775_6.06486638886	4.05129941392
Bulgarian_2.8	RANDOM	875690	8.09323744463_7.58769014147	2.98103340301	SVO	DNA_
Kazakh_2.8	RANDOM	6851652	8.14772049101_8.0253821623	2.40844879109	SVO	ADN_
Swedish_2.8	RANDOM	6513944	7.69697931331_7.23057375258	3.78398466988	SVO	AND_
Kiche_2.8	RANDOM	628988	6.27326268572_5.8009173577	2.11056297156	OSV	AN_D
Persian_2.8	RANDOM	7439802	7.66512142702_7.10150709962	4.7527862876	SOV	NAD_
Old_French_2.8	RANDOM	5837804	7.05139088845_6.3101218694	2.884144987	OSV	NA_D
Gothic_2.8	RANDOM	6120373	7.08260227555_6.41809642676	3.05601281666	SVO	AD_N
Kazakh_2.8	RANDOM	7481059	8.14772049101_7.99946529072	2.33143167617	SVO	AN_D
Thai_2.8	RANDOM	4175942	6.99135476575_6.63355707632	3.11011876485	SVO	AND_
Thai_2.8	RANDOM	3563487	6.99135476575_6.64534998483	4.00793349169	SVO	NA_D
North_Sami_2.8	RANDOM	4442688	7.75880167611_7.44836933907	2.42640449438	SVO	ADN_
Galician_2.8	RANDOM	338761	6.9042382318_6.31391065305	4.41753080906	SVO	AN_D
Uyghur_2.8	RANDOM	215541	8.51360741593_8.32271713806	2.76992678547	SVO	DNA_
Classical_Chinese_2.8	RANDOM	751118	6.64604347414_5.72426186286	2.11216087087	OSV	AND_
Czech_2.8	RANDOM	221993	9.05221642423_8.27932410305	3.34215694502	OSV	ADN_
Portuguese_2.8	RANDOM	2146646	7.18828702825_6.74506893262	4.96138145778	OSV	DNA_
Turkish_2.8	RANDOM	14494	9.23123992342_8.43335168949	2.34703527186	SVO	NAD_
Scottish_Gaelic_2.8	RANDOM	1330992	6.42959187247_5.69992605638	3.36802979771	SVO	DA_N
Finnish_2.8	RANDOM	8302105	9.34993648095_8.9913462872	3.22670080178	SVO	DNA_
Old_Church_Slavonic_2.8	RANDOM	9193858	7.14355858817_6.29562111688	3.75199609566	OSV	DNA_
Basque_2.8	RANDOM	8151553	8.45484310813_8.04909924446	2.53192577122	SVO	AN_D
North_Sami_2.8	RANDOM	9202978	7.75880167611_7.46756084842	2.31950970378	SVO	A_DN
Kiche_2.8	RANDOM	5560731	6.27326268572_5.8174451868	2.06471271039	OSV	NDA_
Kazakh_2.8	RANDOM	5838934	8.14772049101_8.00889505578	2.28769356153	SVO	DAN_
Cantonese_2.8	RANDOM	4966748	5.92291226847_5.48019627363	3.13186057928	OSV	AND_
Kazakh_2.8	RANDOM	9733664	8.14772049101_7.95252266111	2.18799239337	SOV	NAD_
Sanskrit_2.8	RANDOM	7970922	7.88649342905_7.31962479809	2.58509250958	SOV	ADN_
Korean_2.8	RANDOM	656145	10.1703528661_9.86725588917	2.55103882872	SVO	AN_D
Maltese_2.8	RANDOM	9350259	7.32924122663_6.80969764871	3.53052811906	SOV	NA_D
Cantonese_2.8	RANDOM	9627554	5.92291226847_5.44759415941	2.78026509573	SVO	A_ND
Naija_2.8	RANDOM	4320050	5.65820563244_4.64830557536	3.44233647629	OSV	DAN_
Arabic_2.8	RANDOM	4899989	3.18569802223_2.54450767136	4.46770702003	SOV	NDA_
Polish_2.8	RANDOM	8803025	8.71978086187_8.13298362808	2.84212574441	SVO	ADN_
Kiche_2.8	RANDOM	3400239	6.27326268572_5.77562407762	1.86027278003	SVO	ADN_
Old_Church_Slavonic_2.8	RANDOM	2779394	7.14355858817_6.31505539851	3.69762811127	SOV	A_DN
Chinese_2.8	RANDOM	8564179	8.1048766083_7.6607141864	4.06615917615	SOV	NAD_
Norwegian_2.8	RANDOM	2917484	7.69579638452_7.02505488816	4.25713671199	SOV	AD_N
Estonian_2.8	RANDOM	9125644	9.16136152662_8.75940352392	3.22077412426	OSV	A_ND
Coptic_2.8	RANDOM	3511849	5.55989604046_4.89326574083	4.28555072132	OSV	ADN_
Akkadian_2.8	RANDOM	474266	6.68098628559_4.64827861289	4.52915563903	SOV	DAN_
Breton_2.8	RANDOM	6377751	6.6744745936_6.17295427849	3.42256333458	OSV	NA_D
Cantonese_2.8	RANDOM	2973411	5.92291226847_5.47884321911	2.84575355916	SVO	A_DN
Kazakh_2.8	RANDOM	8570875	8.14772049101_7.98855971835	2.49986416735	OSV	ADN_
Mbya_Guarani_2.8	RANDOM	7707581	1.67886952047_1.15659907865	2.40472553213	SOV	AN_D
Hebrew_2.8	RANDOM	8624410	7.14094557019_6.55923488673	4.17732040083	OSV	NAD_
Slovak_2.8	RANDOM	6503585	8.38707949151_7.92827304152	2.4517632885	SOV	AD_N
Western_Armenian_2.8	RANDOM	6090636	8.14694790414_7.9663423572	4.05852546238	SOV	DAN_
Arabic_2.8	RANDOM	9269689	3.18569802223_2.53255638577	4.88109152833	SVO	A_DN
Manx_2.8	RANDOM	9867144	5.78963371805_4.97841277752	2.41024139502	SOV	AND_
Slovak_2.8	RANDOM	124205	8.38707949151_7.99297551149	2.66028050234	SVO	NDA_
Mbya_Guarani_2.8	RANDOM	6367131	1.67886952047_1.17214731823	2.38272736531	SVO	NDA_
Manx_2.8	RANDOM	8410524	5.78963371805_5.05980904731	2.47908126749	OSV	A_ND
Hungarian_2.8	RANDOM	1967077	8.24699378298_8.05278960428	3.36822076979	SOV	NA_D
Dutch_2.8	RANDOM	4631585	7.57654997276_6.96692555458	3.55866362433	SVO	AN_D
Erzya_2.8	RANDOM	6541954	8.19304814923_8.04063689054	3.01981505945	OSV	AND_
Galician_2.8	RANDOM	8545804	6.9042382318_6.40991296518	4.24086893414	SVO	AD_N
Hungarian_2.8	RANDOM	9587286	8.24699378298_8.07506742848	4.07915758896	OSV	NDA_
Catalan_2.8	RANDOM	6956287	6.9424317159_6.23056479195	4.86487019623	SOV	A_ND
Cantonese_2.8	RANDOM	6862718	5.92291226847_5.46466417979	3.71880216004	SOV	A_DN
Old_East_Slavic_2.8	RANDOM	7821379	8.31255790664_7.65995609058	4.03764419388	OSV	AND_
Polish_2.8	RANDOM	8878420	8.71978086187_8.16486885982	2.91048084742	SVO	DAN_
Old_East_Slavic_2.8	RANDOM	7192634	8.31255790664_7.59388701182	3.20374539436	SOV	DA_N
Spanish_2.8	RANDOM	6686245	7.34145194481_6.75335457919	4.09420655087	OSV	AND_
Slovak_2.8	RANDOM	5718983	8.38707949151_7.96592465858	2.41252962822	OSV	A_DN
Lithuanian_2.8	RANDOM	3634338	8.72058336465_8.23184452319	3.79690135457	SOV	NAD_
Welsh_2.8	RANDOM	3004569	6.8932721418_6.38167652701	3.66038691701	OSV	AD_N
Galician_2.8	RANDOM	3352525	6.9042382318_6.56393278338	6.30536908068	OSV	ADN_
French_2.8	RANDOM	2147226	7.30424825811_6.3376418563	4.29723597253	SOV	NA_D
English_2.8	RANDOM	9236029	7.39497270518_6.78801790987	4.15742222887	SOV	NDA_
Galician_2.8	RANDOM	7817153	6.9042382318_6.41506591449	3.80040753095	OSV	A_DN
Japanese_2.8	RANDOM	1696520	1.94946117468_1.42386752248	4.10753222038	SVO	AND_
Icelandic_2.8	RANDOM	9725419	7.58745292127_6.85388027891	3.7420547648	SVO	A_DN
Naija_2.8	RANDOM	3777699	5.65820563244_4.5729259024	4.31666881938	SVO	NA_D
Welsh_2.8	RANDOM	4166545	6.8932721418_6.50332456014	4.92442136592	SOV	AN_D
Kiche_2.8	RANDOM	6234973	6.27326268572_5.76973894676	1.97591410331	OSV	DNA_
Latin_2.8	RANDOM	8002453	8.13805400927_7.63416295339	3.80111441397	SOV	ADN_
Croatian_2.8	RANDOM	7998010	8.48054534126_7.95783666792	3.7900790452	SVO	AN_D
Basque_2.8	RANDOM	3876172	8.45484310813_8.07199842822	2.9546947744	OSV	DA_N
Japanese_2.8	RANDOM	3938522	1.94946117468_1.4201951414	3.68265598551	SOV	DA_N
Slovenian_2.8	RANDOM	1271187	8.26033644521_7.88020900815	3.6895300622	SVO	DA_N
North_Sami_2.8	RANDOM	5521235	7.75880167611_7.48409669361	2.23054136874	OSV	DA_N
Turkish_2.8	RANDOM	8022011	9.23123992342_8.53204289596	2.42245575785	SVO	DA_N
Upper_Sorbian_2.8	RANDOM	7309018	7.7165899812_7.48283905952	3.34998241294	SOV	NDA_
Portuguese_2.8	RANDOM	8817481	7.18828702825_6.51148930888	3.52079338257	SVO	AN_D
Breton_2.8	RANDOM	6824071	6.6744745936_6.138896582	3.01797079745	SOV	AN_D
Dutch_2.8	RANDOM	4145497	7.57654997276_7.05305353213	3.83026483643	OSV	DA_N
Coptic_2.8	RANDOM	7094622	5.55989604046_4.85079092746	4.01795282803	SOV	AN_D
Gothic_2.8	RANDOM	4956630	7.08260227555_6.42431367572	3.07611895464	OSV	AD_N
Komi_Zyrian_2.8	RANDOM	158017	8.00842326657_7.92231406624	2.8418263351	SVO	A_ND
Bulgarian_2.8	RANDOM	282640	8.09323744463_7.46127866582	3.10090847722	SVO	DNA_
Scottish_Gaelic_2.8	RANDOM	5198148	6.42959187247_5.73950425509	4.4595424368	SVO	DA_N
Maltese_2.8	RANDOM	612007	7.32924122663_6.78655792143	3.860221098	SVO	AD_N
Icelandic_2.8	RANDOM	8671995	7.58745292127_6.93757872823	4.12748538488	SVO	DNA_
Romanian_2.8	RANDOM	5523099	8.00609274184_7.2580058291	3.90129110312	SVO	AN_D
Korean_2.8	RANDOM	7010848	10.1703528661_9.87598381941	2.67070071101	SOV	A_ND
Breton_2.8	RANDOM	6486300	6.6744745936_6.17637167326	2.28940471733	SOV	A_DN
Slovenian_2.8	RANDOM	2624246	8.26033644521_7.86267479036	3.98183742225	SOV	ADN_
Scottish_Gaelic_2.8	RANDOM	7802346	6.42959187247_5.77271393695	4.3029953558	SVO	AN_D
Wolof_2.8	RANDOM	9446422	6.67615833577_6.05056987474	3.31556798436	OSV	AND_
Upper_Sorbian_2.8	RANDOM	100014	7.7165899812_7.50087197431	3.06882401219	OSV	NDA_
Thai_2.8	RANDOM	7993559	6.99135476575_6.60372808493	4.24308788599	OSV	AD_N
Amharic_2.8	RANDOM	7023621	5.72899089684_5.34330176639	2.19071902091	SVO	DA_N
Hindi_2.8	RANDOM	5818720	7.1887846971_6.28872256725	3.69040850008	OSV	AD_N
North_Sami_2.8	RANDOM	2386503	7.75880167611_7.4753604246	2.14673135853	OSV	NA_D
Old_Church_Slavonic_2.8	RANDOM	2211741	7.14355858817_6.26396967299	2.92093704246	SOV	DNA_
Gothic_2.8	RANDOM	6187891	7.08260227555_6.46677931762	3.32077701011	OSV	DNA_
Bambara_2.8	RANDOM	5012976	5.33384781381_4.54407515831	4.14803207669	OSV	DAN_
Scottish_Gaelic_2.8	RANDOM	5283644	6.42959187247_5.76153416299	4.86168687467	SOV	DAN_
Lithuanian_2.8	RANDOM	3867013	8.72058336465_8.19088187997	3.391816933	SVO	NA_D
Old_French_2.8	RANDOM	3609168	7.05139088845_6.29575992695	2.87605676131	OSV	AN_D
Komi_Zyrian_2.8	RANDOM	2436667	8.00842326657_7.95041823134	3.26280744666	OSV	DNA_
Kurmanji_2.8	RANDOM	3036067	6.86169993023_6.53001772191	2.56375349459	OSV	NA_D
Kazakh_2.8	RANDOM	7406084	8.14772049101_7.9818548328	2.44811192611	SOV	DAN_
Amharic_2.8	RANDOM	7943153	5.72899089684_5.2099937528	3.00854156043	OSV	NAD_
Slovak_2.8	RANDOM	3749300	8.38707949151_7.95583504828	2.50939591163	SVO	DNA_
Classical_Chinese_2.8	RANDOM	3558396	6.64604347414_5.70489792912	2.07820580079	OSV	NA_D
Belarusian_2.8	RANDOM	2587004	8.96501629969_8.25253781217	3.15201658314	SOV	AD_N
Scottish_Gaelic_2.8	RANDOM	1698143	6.42959187247_5.79506497762	4.55640058598	OSV	AND_
Belarusian_2.8	RANDOM	1592567	8.96501629969_8.32020376715	3.0300434769	OSV	A_DN
Latvian_2.8	RANDOM	784889	8.96262163073_8.60111833627	3.5065577005	OSV	ADN_
Upper_Sorbian_2.8	RANDOM	1507930	7.7165899812_7.47206835413	3.43733145738	OSV	AND_
Faroese_2.8	RANDOM	1871503	6.70440047675_6.04308232355	3.88346066382	SOV	DNA_
Polish_2.8	RANDOM	935750	8.71978086187_8.11845051395	2.91308140081	SOV	ADN_
Italian_2.8	RANDOM	5490957	7.37224976657_6.67194862767	4.0258151602	OSV	DA_N
Dutch_2.8	RANDOM	8036737	7.57654997276_6.89547574786	3.14020113243	SVO	NAD_
Coptic_2.8	RANDOM	6735609	5.55989604046_4.89525503369	5.68669567209	OSV	DAN_
English_2.8	RANDOM	8886509	7.39497270518_6.82785205319	4.44325367857	SOV	NAD_
Hebrew_2.8	RANDOM	6857041	7.14094557019_6.5409255489	4.229805136	SVO	NA_D
Dutch_2.8	RANDOM	4350736	7.57654997276_6.94778204864	3.18648815057	SVO	AND_
Thai_2.8	RANDOM	3378320	6.99135476575_6.64261748451	3.42684085511	SVO	AN_D
Hungarian_2.8	RANDOM	87338	8.24699378298_8.10564287797	4.42541757444	OSV	NA_D
Ancient_Greek_2.8	RANDOM	4767206	8.43111781796_7.68840154591	3.1519485232	OSV	DA_N
Slovenian_2.8	RANDOM	9773994	8.26033644521_7.92850176292	4.20441718498	SOV	DNA_
Belarusian_2.8	RANDOM	565092	8.96501629969_8.28394271043	3.13180812735	SOV	NAD_
Persian_2.8	RANDOM	6626088	7.66512142702_7.04877160095	3.26611115957	OSV	AD_N
Basque_2.8	RANDOM	8960381	8.45484310813_8.12837392217	2.8943023104	SVO	NA_D
Romanian_2.8	RANDOM	4288335	8.00609274184_7.29707650778	4.35399246399	SVO	ADN_
Cantonese_2.8	RANDOM	7526849	5.92291226847_5.45924643963	2.96563573883	OSV	AND_
Hebrew_2.8	RANDOM	711540	7.14094557019_6.52596295561	4.15794355663	OSV	NDA_
Korean_2.8	RANDOM	9864606	10.1703528661_9.87350764496	2.98277294172	SOV	AD_N
Slovak_2.8	RANDOM	3988344	8.38707949151_8.02126159662	2.59188350379	OSV	NAD_
Uyghur_2.8	RANDOM	6944938	8.51360741593_8.29859586239	2.6261223926	SOV	A_ND
Naija_2.8	RANDOM	6702644	5.65820563244_4.66778765363	4.33472119863	OSV	A_DN
Armenian_2.8	RANDOM	3083771	8.38778667396_8.05064956321	3.84632906956	SVO	AN_D
Bambara_2.8	RANDOM	6437720	5.33384781381_4.55755139155	2.73370817587	OSV	AD_N
Breton_2.8	RANDOM	9568643	6.6744745936_6.14906764233	3.07125920379	SVO	A_ND
Belarusian_2.8	RANDOM	643805	8.96501629969_8.3180868823	3.02264926394	SOV	DNA_
Komi_Zyrian_2.8	RANDOM	7457315	8.00842326657_7.97633590665	2.57032205463	SVO	AD_N
Greek_2.8	RANDOM	4718403	7.52098232728_6.97962550955	4.58149118148	SVO	DNA_
Uyghur_2.8	RANDOM	3786848	8.51360741593_8.33072804365	2.51098217986	OSV	DA_N
Wolof_2.8	RANDOM	2545857	6.67615833577_6.15636941458	5.11598609904	SOV	DAN_
Hindi_2.8	RANDOM	9274238	7.1887846971_6.21581066025	3.61863186807	SVO	DA_N
Uyghur_2.8	RANDOM	3303066	8.51360741593_8.33001475103	2.99295482801	OSV	AND_
Hindi_2.8	RANDOM	7961119	7.1887846971_6.15272589488	3.53236016913	SVO	AD_N
Spanish_2.8	RANDOM	5601565	7.34145194481_6.75814979434	3.74454537678	OSV	AND_
Swedish_2.8	RANDOM	3013680	7.69697931331_7.26352931041	3.52750711341	SVO	DAN_
Russian_2.8	RANDOM	3456299	9.245975441_8.57883933883	3.22664730448	OSV	AN_D
Afrikaans_2.8	RANDOM	2144140	6.67569446775_6.08350147818	3.97081280501	OSV	AND_
Lithuanian_2.8	RANDOM	2986398	8.72058336465_8.2095042753	3.03072562555	SVO	AN_D
Russian_2.8	RANDOM	4195274	9.245975441_8.56669785564	3.11310424716	SVO	A_ND
Mbya_Guarani_2.8	RANDOM	4274892	1.67886952047_1.16953541237	2.66615744984	SVO	A_DN
Indonesian_2.8	RANDOM	3322164	8.12437959059_7.7055845833	3.73845558266	OSV	NDA_
Gothic_2.8	RANDOM	6376977	7.08260227555_6.47595740192	3.02833683789	OSV	ADN_
Akkadian_2.8	RANDOM	3179617	6.68098628559_4.7246308755	4.05297532656	SOV	A_ND
Cantonese_2.8	RANDOM	8604306	5.92291226847_5.54866080228	4.5940108002	SVO	DNA_
Wolof_2.8	RANDOM	4466853	6.67615833577_6.14309650468	4.63271068636	SOV	DAN_
Portuguese_2.8	RANDOM	5219377	7.18828702825_6.54995306082	4.09939222102	SVO	ADN_
Czech_2.8	RANDOM	5841586	9.05221642423_8.22677987772	3.41097041518	SVO	NDA_
Breton_2.8	RANDOM	7713203	6.6744745936_6.18165245973	2.77611381505	OSV	AND_
English_2.8	RANDOM	5525116	7.39497270518_6.79051753539	3.420034477	SOV	A_DN
Hungarian_2.8	RANDOM	6099121	8.24699378298_8.0707172004	3.23500363108	OSV	DNA_
Dutch_2.8	RANDOM	1915484	7.57654997276_6.97632479112	3.13599175832	OSV	DA_N
Polish_2.8	RANDOM	2243876	8.71978086187_8.14250507063	2.86727516217	OSV	AD_N
North_Sami_2.8	RANDOM	5963523	7.75880167611_7.41539849386	2.56384065373	SOV	A_ND
Uyghur_2.8	RANDOM	6312889	8.51360741593_8.34821157988	2.4857715154	SOV	A_DN
Polish_2.8	RANDOM	3246657	8.71978086187_8.12722005901	3.05428957122	OSV	NDA_
Uyghur_2.8	RANDOM	5475259	8.51360741593_8.36477520353	2.59479900539	OSV	DAN_
Gothic_2.8	RANDOM	5861281	7.08260227555_6.48771738358	3.16685691399	SOV	A_ND
Kiche_2.8	RANDOM	6850265	6.27326268572_5.73067198403	1.85432385374	SOV	A_ND
Japanese_2.8	RANDOM	9496224	1.94946117468_1.45206837391	4.73005811303	SVO	NDA_
Kurmanji_2.8	RANDOM	3474959	6.86169993023_6.53263734041	2.77816944208	SOV	ADN_
Hindi_2.8	RANDOM	4037067	7.1887846971_6.20231376897	3.43096396863	OSV	AN_D
Galician_2.8	RANDOM	2048635	6.9042382318_6.43826328383	3.9451996483	SOV	AND_
Chinese_2.8	RANDOM	7404509	8.1048766083_7.67682670162	3.56751001208	SVO	A_ND
Sanskrit_2.8	RANDOM	5864678	7.88649342905_7.2408032028	2.66028201157	SOV	NA_D
Kurmanji_2.8	RANDOM	583558	6.86169993023_6.56385712692	2.5896438556	SOV	AND_
Turkish_2.8	RANDOM	633138	9.23123992342_8.42137899098	2.77503694693	SOV	DA_N
Buryat_2.8	RANDOM	9704107	8.12523578009_8.01114101242	2.48353576248	SVO	A_ND
Ukrainian_2.8	RANDOM	7826159	9.00488465796_8.75864858009	3.27565985595	OSV	DAN_
Breton_2.8	RANDOM	4074103	6.6744745936_6.19630794021	2.45438662174	SVO	AD_N
Scottish_Gaelic_2.8	RANDOM	9109609	6.42959187247_5.75701458247	4.41515756008	SVO	AND_
Kazakh_2.8	RANDOM	2097887	8.14772049101_7.97749969908	2.48207008965	OSV	DAN_
Finnish_2.8	RANDOM	5124793	9.34993648095_8.91883900238	2.8512244979	SVO	NAD_
Turkish_2.8	RANDOM	3968247	9.23123992342_8.37539850578	2.3694781786	OSV	ADN_
Turkish_2.8	RANDOM	1638109	9.23123992342_8.49812615425	2.57917057185	SVO	NAD_
Greek_2.8	RANDOM	3767137	7.52098232728_7.06467208135	4.43570630575	SOV	DAN_
Old_French_2.8	RANDOM	7114055	7.05139088845_6.28910605602	3.16770981694	SOV	NAD_
Ukrainian_2.8	RANDOM	5785765	9.00488465796_8.73594213934	3.50442805231	SOV	A_DN
Old_French_2.8	RANDOM	1027449	7.05139088845_6.38859216921	3.30703244437	SVO	NDA_
Latin_2.8	RANDOM	4008146	8.13805400927_7.6273887141	3.32116624345	SOV	NDA_
Portuguese_2.8	RANDOM	1532780	7.18828702825_6.64187809552	3.56835667618	SVO	A_DN
Turkish_2.8	RANDOM	5665981	9.23123992342_8.46904655175	2.35691732972	OSV	DNA_
Buryat_2.8	RANDOM	3652931	8.12523578009_7.96229259264	2.68070175439	OSV	AD_N
Catalan_2.8	RANDOM	7402267	6.9424317159_6.14825959606	5.30170798297	OSV	AND_
Manx_2.8	RANDOM	8843294	5.78963371805_5.01682962266	2.64695165593	OSV	NA_D
Maltese_2.8	RANDOM	968128	7.32924122663_6.84823553915	4.27187558553	OSV	DAN_
Icelandic_2.8	RANDOM	7819069	7.58745292127_6.95760571001	4.42122607058	OSV	NDA_
Amharic_2.8	RANDOM	5741378	5.72899089684_5.31804271517	2.21557878633	SVO	AND_
Finnish_2.8	RANDOM	1614527	9.34993648095_8.96121731658	3.24729102167	SOV	A_ND
Chinese_2.8	RANDOM	3587586	8.1048766083_7.67671178743	3.47659080796	SVO	NA_D
